{
  "$schema": "https://aka.ms/azure-quickstart-templates-metadata-schema#",
  "type": "QuickStart",
  "itemDisplayName": "Front Door with Container Instances and Application Gateway",
  "description": "This template creates a Front Door Standard/Premium (Preview) with a container group and Application Gateway.",
  "summary": "This template creates a Front Door Standard/Premium (Preview) with a container group and Application Gateway.",
  "githubUsername": "johndowns",
  "docOwner": "johndowns",
  "dateUpdated": "2021-08-07",
  "environments": [
    "AzureCloud"
  ]
}