{
    "$schema": "https://schema.management.azure.com/schemas/2019-04-01/deploymentTemplate.json#",
    "contentVersion": "1.0.0.0",
    "parameters": {
        "serverName": {
            "type": "string",
            "defaultValue": "[uniqueString('sql', resourceGroup().id)]",
            "metadata": {
                "description": "The name of the SQL logical server."
            }
        },
        "location": {
            "type": "string",
            "defaultValue": "[resourceGroup().location]",
            "metadata": {
                "description": "Location for all resources."
            }
        },
        "administratorLogin": {
            "type": "string",
            "metadata": {
                "description": "The administrator username of the SQL logical server."
            }
        },
        "administratorLoginPassword": {
            "type": "securestring",
            "metadata": {
                "description": "The administrator password of the SQL logical server."
            }
        },
        "enableADS": {
            "defaultValue": true,
            "type": "bool",
            "metadata": {
                "description": "Enable Advanced Data Security, the user deploying the template must have an administrator or owner permissions."
            }
        },
        "allowAzureIPs": {
            "defaultValue": true,
            "type": "bool",
            "metadata": {
                "description": "Allow Azure services to access server."
            }
        },
        "connectionType": {
            "defaultValue": "Default",
            "allowedValues": [ "Default", "Redirect", "Proxy" ],
            "type": "string",
            "metadata": {
                "description": "SQL logical server connection type."
            }
        }
    },
    "variables": {
        "serverResourceGroupName": "[resourceGroup().name]",
        "subscriptionId": "[subscription().subscriptionId]",
        "uniqueStorage": "[uniqueString(variables('subscriptionId'), variables('serverResourceGroupName'), parameters('location'))]",
        "storageName": "[tolower(concat('sqlva', variables('uniqueStorage')))]",
        "uniqueRoleGuid": "[guid(resourceId('Microsoft.Storage/storageAccounts', variables('storageName')), variables('storageBlobContributor'), resourceId('Microsoft.Sql/servers', parameters('serverName')))]",
        "StorageBlobContributor": "[subscriptionResourceId('Microsoft.Authorization/roleDefinitions', 'ba92f5b4-2d11-453d-a403-e96b0029c9fe')]"
    },
    "resources": [
        {
            "type": "Microsoft.Sql/servers",
            "apiVersion": "2020-02-02-preview",
            "name": "[parameters('serverName')]",
            "location": "[parameters('location')]",
            "identity": "[if(parameters('enableADS'), json('{\"type\":\"SystemAssigned\"}'), json('null'))]",
            "properties": {
                "administratorLogin": "[parameters('administratorLogin')]",
                "administratorLoginPassword": "[parameters('administratorLoginPassword')]",
                "version": "12.0"
            },
            "resources": [
                {
                    "condition": "[parameters('allowAzureIPs')]",
                    "type": "firewallRules",
                    "apiVersion": "2020-02-02-preview",
                    "name": "AllowAllWindowsAzureIps",
                    "location": "[parameters('location')]",
                    "dependsOn": [
                        "[resourceId('Microsoft.Sql/servers', parameters('serverName'))]"
                    ],
                    "properties": {
                        "endIpAddress": "0.0.0.0",
                        "startIpAddress": "0.0.0.0"
                    }
                },
                {
                    "condition": "[parameters('enableADS')]",
                    "type": "securityAlertPolicies",
                    "apiVersion": "2020-02-02-preview",
                    "name": "Default",
                    "dependsOn": [
                        "[resourceId('Microsoft.Sql/servers', parameters('serverName'))]"
                    ],
                    "properties": {
                        "state": "Enabled",
                        "emailAccountAdmins": true
                    }
                },
                {
                    "condition": "[parameters('enableADS')]",
                    "type": "vulnerabilityAssessments",
                    "apiVersion": "2020-02-02-preview",
                    "name": "Default",
                    "dependsOn": [
                        "[resourceId('Microsoft.Sql/servers', parameters('serverName'))]",
                        "[resourceId('Microsoft.Sql/servers/securityAlertPolicies', parameters('serverName'), 'Default')]",
                        "[resourceId('Microsoft.Storage/storageAccounts', variables('storageName'))]"
                    ],
                    "properties": {
                        "storageContainerPath": "[if(parameters('enableADS'), concat(reference(resourceId('Microsoft.Storage/storageAccounts', variables('storageName'))).primaryEndpoints.blob, 'vulnerability-assessment'), json('null'))]",
                        "recurringScans": {
                            "isEnabled": true,
                            "emailSubscriptionAdmins": true
                        }
                    }
                },
                {
                    "type": "connectionPolicies",
                    "apiVersion": "2014-04-01",
                    "name": "Default",
                    "dependsOn": [
                        "[resourceId('Microsoft.Sql/servers', parameters('serverName'))]"
                    ],
                    "properties": {
                        "connectionType": "[parameters('connectionType')]"
                    }
                }
            ]
        },
        {
            "condition": "[parameters('enableADS')]",
            "type": "Microsoft.Storage/storageAccounts",
            "apiVersion": "2019-06-01",
            "name": "[variables('storageName')]",
            "location": "[parameters('location')]",
            "sku": {
                "name": "Standard_LRS"
            },
            "kind": "StorageV2",
            "properties": {
                "minimumTlsVersion": "TLS1_2",
                "supportsHttpsTrafficOnly": "true",
                "allowBlobPublicAccess": "false"
            }
        },
        {
            "condition": "[parameters('enableADS')]",
            "scope": "[concat('Microsoft.Storage/storageAccounts/', variables('storageName'))]",
            "type": "Microsoft.Authorization/roleAssignments",
            "apiVersion": "2020-04-01-preview",
            "name": "[variables('uniqueRoleGuid')]",
            "dependsOn": [
                "[resourceId('Microsoft.Sql/servers', parameters('serverName'))]",
                "[resourceId('Microsoft.Storage/storageAccounts', variables('storageName'))]"
            ],
            "properties": {
                "roleDefinitionId": "[variables('StorageBlobContributor')]",
                "principalId": "[reference(resourceId('Microsoft.Sql/servers', parameters('serverName')), '2020-02-02-preview', 'Full').identity.principalId]",
                "scope": "[resourceId('Microsoft.Storage/storageAccounts', variables('storageName'))]",
                "principalType": "ServicePrincipal"
            }
        }
    ]
}
