{
  "$schema": "https://aka.ms/azure-quickstart-templates-metadata-schema#",
  "type": "QuickStart",
  "itemDisplayName": "Load Balancer with Inbound NAT Rule",
  "description": "This template allows you to create a Load Balancer, Public IP address for the Load balancer, Virtual Network, Network Interface in the Virtual Network & a NAT Rule in the Load Balancer that is used by the Network Interface.",
  "summary": "Load Balancer with Inbound NAT Rule",
  "githubUsername": "mahthi",
  "dateUpdated": "2021-05-12"
}