{
  "$schema": "https://aka.ms/azure-quickstart-templates-metadata-schema#",
  "type": "QuickStart",
  "itemDisplayName": "Create Front Door with Active-Standby config",
  "description": "This template creates a Front Door that demonstrates priority-based routing for Active-Standby application topology.",
  "summary": "Creates a Front Door that demonstrates priority-based routing for Active-Standby application topology. It sends all traffic to the primary (highest-priority) backend until it becomes unavailable.",
  "githubUsername": "sfigue",
  "dateUpdated": "2021-06-09"
}