{
  "$schema": "https://schema.management.azure.com/schemas/2019-04-01/deploymentTemplate.json#",
  "contentVersion": "1.0.0.0",
  "parameters": {
    "uniqueDnsName": {
      "type": "string",
      "metadata": {
        "description": "Relative DNS name for the traffic manager profile, must be globally unique."
      }
    }
  },
  "variables": {
    "TMprofileName": "ExternalEndpointExample",
    "endpoint1Name": "endpoint1",
    "endpoint1Target": "www.microsoft.com",
    "endpoint1Location": "northeurope",
    "endpoint2Name": "endpoint2",
    "endpoint2Target": "www.xbox.com",
    "endpoint2Location": "southcentralus"
  },
  "resources": [
    {
      "type": "Microsoft.Network/trafficManagerProfiles",
      "apiVersion": "2018-08-01",
      "name": "[variables('TMProfileName')]",
      "location": "global",
      "properties": {
        "profileStatus": "Enabled",
        "trafficRoutingMethod": "Performance",
        "dnsConfig": {
          "relativeName": "[parameters('uniqueDnsName')]",
          "ttl": 30
        },
        "monitorConfig": {
          "protocol": "HTTPS",
          "port": 443,
          "path": "/",
          "expectedStatusCodeRanges": [
            {
              "min": 200,
              "max": 202
            },
            {
              "min": 301,
              "max": 302
            }
          ]
        },
        "endpoints": [
          {
            "type": "Microsoft.Network/TrafficManagerProfiles/ExternalEndpoints",
            "name": "[variables('endpoint1Name')]",
            "properties": {
              "target": "[variables('endpoint1Target')]",
              "endpointStatus": "Enabled",
              "endpointLocation": "[variables('endpoint1Location')]"
            }
          },
          {
            "type": "Microsoft.Network/TrafficManagerProfiles/ExternalEndpoints",
            "name": "[variables('endpoint2Name')]",
            "properties": {
              "target": "[variables('endpoint2Target')]",
              "endpointStatus": "Enabled",
              "endpointLocation": "[variables('endpoint2Location')]"
            }
          }
        ]
      }
    }
  ],
  "outputs": {
    "existingTMProfileName": {
      "type": "string",
      "value": "[variables('TMprofileName')]"
    }
  }
}
