{
  "$schema": "https://schema.management.azure.com/schemas/2019-04-01/deploymentTemplate.json#",
  "contentVersion": "1.0.0.0",
  "parameters": {
    "location": {
      "type": "string",
      "defaultValue": "[resourceGroup().location]",
      "metadata": {
        "description": "Location for all resources."
      }
    }
  },
  "variables": {
    "existingpipname": "[concat(uniqueString(resourceGroup().id),'pip')]",
    "existingpiplabel": "[concat(uniqueString(resourceGroup().id),'pip')]"
  },
  "resources": [
    {
      "type": "Microsoft.Network/publicIPAddresses",
      "name": "[variables('existingpipname')]",
      "apiVersion": "2020-11-01",
      "location": "[parameters('location')]",
      "comments": "Public IP used by LB",
      "tags": {
        "displayName": "Public IP"
      },
      "properties": {
        "publicIPAllocationMethod": "Static",
        "dnsSettings": {
          "domainNameLabel": "[variables('existingpiplabel')]"
        },
        "idleTimeoutInMinutes": 4
      }
    }
  ],
  "outputs": {
    "existingPipRgName": {
      "type": "string",
      "value": "[resourceGroup().name]"
    },
    "existingPipName": {
      "type": "string",
      "value": "[variables('existingpipname')]"
    }
  }
}
