{
  "$schema": "https://schema.management.azure.com/schemas/2019-04-01/deploymentTemplate.json#",
  "contentVersion": "1.0.0.0",
  "parameters": {
    "sqlVMName": {
      "type": "string"
    },
    "location": {
      "type": "string"
    },
    "adminUsername": {
      "type": "string"
    },
    "adminPassword": {
      "type": "securestring"
    },
    "sqlUsername": {
      "type": "string"
    },
    "sqlPassword": {
      "type": "securestring"
    },
    "disksCount": {
      "type": "int"
    },
    "diskSizeInGB": {
      "type": "int"
    },
    "sqlEnginePort": {
      "type": "int"
    },
    "workloadType": {
      "type": "string"
    },
    "connectionType": {
      "type": "string"
    },
    "sqlVMPrepareModulesURL": {
      "type": "string"
    },
    "sqlVMPrepareConfigurationFunction": {
      "type": "string"
    }
  },
  "resources": [
    {
      "type": "Microsoft.Compute/virtualMachines/extensions",
      "name": "[concat(parameters('sqlVMName'),'/dscExtension')]",
      "apiVersion": "2020-06-01",
      "location": "[parameters('location')]",
      "properties": {
        "publisher": "Microsoft.Powershell",
        "type": "DSC",
        "typeHandlerVersion": "2.19",
        "autoUpgradeMinorVersion": false,
        "settings": {
          "ModulesUrl": "[parameters('sqlVMPrepareModulesURL')]",
          "ConfigurationFunction": "[parameters('sqlVMPrepareConfigurationFunction')]",
          "properties": {
            "SQLAdminAuthCreds": {
              "userName": "[parameters('adminUsername')]",
              "Password": "privateSettingsRef:AdminPassword"
            },
            "SQLAuthCreds": {
              "userName": "[parameters('sqlUsername')]",
              "Password": "privateSettingsRef:SqlAuthPassword"
            },
            "DisksCount": "[parameters('disksCount')]",
            "DiskSizeInGB": "[parameters('diskSizeInGB')]",
            "DatabaseEnginePort": "[parameters('sqlEnginePort')]",
            "WorkloadType": "[parameters('workloadType')]",
            "ConnectionType": "[parameters('connectionType')]"
          }
        },
        "protectedSettings": {
          "items": {
            "AdminPassword": "[parameters('adminPassword')]",
            "SqlAuthPassword": "[parameters('sqlPassword')]"
          }
        }
      }
    }
  ]
}
