{
  "$schema": "https://aka.ms/azure-quickstart-templates-metadata-schema#",
  "type": "QuickStart",
  "itemDisplayName": "Front Door Standard/Premium with static website origin",
  "description": "This template creates a Front Door Standard/Premium (Preview) and an Azure Storage static website, and configured Front Door to send traffic to the static website.",
  "summary": "This template creates a Front Door Standard/Premium (Preview) and an Azure Storage static website, and configured Front Door to send traffic to the static website.",
  "githubUsername": "johndowns",
  "docOwner": "johndowns",
  "dateUpdated": "2021-07-27",
  "environments": [
    "AzureCloud"
  ]
}