{
  "$schema": "https://schema.management.azure.com/schemas/2019-04-01/deploymentTemplate.json#",
  "contentVersion": "1.0.0.0",
  "parameters": {
    "virtualNetworkName": {
      "type": "string"
    },
    "subnetName": {
      "type": "string"
    },
    "subnetAddressPrefix": {
      "type": "string"
    },
    "nsgId": {
      "type": "string"
    },
    "location": {
      "type": "string"
    }
  },
  "resources": [
    {
      "apiVersion": "2020-06-01",
      "type": "Microsoft.Network/virtualNetworks/subnets",
      "name": "[concat(parameters('virtualNetworkName'), '/', parameters('subnetName'))]",
      "location": "[parameters('location')]",
      "properties": {
        "addressPrefix": "[parameters('subnetAddressPrefix')]",
        "networkSecurityGroup": {
          "id": "[parameters('nsgId')]"
        }
      }
    }
  ]
}
