{
    "$schema": "https://schema.management.azure.com/schemas/2019-04-01/deploymentParameters.json#",
    "contentVersion": "1.0.0.0",
    "parameters": {
        "frontDoorName": {
            "value": "GEN-UNIQUE"
        },
        "backendPools1": {
            "value": {
                "name": "backendPool1",
                "backends": [
                    {
                        "address": "contoso.com",
                        "httpPort": 80,
                        "httpsPort": 443,
                        "weight": 50,
                        "priority": 1,
                        "enabledState": "Enabled"
                    },
                    {
                        "address": "contoso.com",
                        "httpPort": 80,
                        "httpsPort": 443,
                        "weight": 50,
                        "priority": 1,
                        "enabledState": "Enabled"
                    }
                ]
            }
        },
        "backendPools2": {
            "value": {
                "name": "backendPool2",
                "backends": [
                    {
                        "address": "contoso.com",
                        "httpPort": 80,
                        "httpsPort": 443,
                        "weight": 50,
                        "priority": 1,
                        "enabledState": "Enabled"
                    },
                    {
                        "address": "contoso.com",
                        "httpPort": 80,
                        "httpsPort": 443,
                        "weight": 50,
                        "priority": 1,
                        "enabledState": "Enabled"
                    }
                ]
            }
        }
    }
}
