{
  "$schema": "https://aka.ms/azure-quickstart-templates-metadata-schema#",
  "type": "QuickStart",
  "environments": [
    "AzureCloud"
  ],
  "itemDisplayName": "Create a Front Door with multiple backends and backend pools",
  "description": "This template creates a Front Door with load balancing configured for multiple backends in a backend pool and also across backend pools based on URL path.",
  "summary": "This template creates a Front Door with load balancing configured for multiple backends in a backend pool and also across backend pools based on URL path.",
  "githubUsername": "sfigue",
  "dateUpdated": "2021-05-11"
}