{
    "$schema": "https://schema.management.azure.com/schemas/2019-04-01/deploymentParameters.json#",
    "contentVersion": "1.0.0.0",
    "parameters": {
        "frontDoorName": {
            "value": "GEN-UNIQUE"
        },
        "backendAddress": {
            "value": "GEN-CUSTOM-FQDN-NAME"
        },
        "healthProbeName": {
            "value": "healthProbeSettings1"
        },
        "healthProbePath": {
            "value": "/"
        },
        "healthProbeProtocol": {
            "value": "Http"
        },
        "healthProbeIntervalInSeconds": {
            "value": 120
        }
    }
}
