{
  "$schema": "https://aka.ms/azure-quickstart-templates-metadata-schema#",
  "type": "QuickStart",
  "itemDisplayName": "Control Health Probes for your backends on Front Door",
  "description": "This template updates your Front Door to change the health probe settings by setting the probe path and also the intervals in which the probes will be sent.",
  "summary": "This template updates your Front Door to change the health probe settings by setting the probe path and also the intervals in which the probes will be sent.",
  "githubUsername": "sfigue",
  "dateUpdated": "2022-01-12"
}