{
  "$schema": "https://schema.management.azure.com/schemas/2019-04-01/deploymentTemplate.json#",
  "contentVersion": "1.0.0.0",
  "parameters": {
    "webAppName": {
      "type": "string",
      "defaultValue": "[concat('webApp-', uniqueString(resourceGroup().id))]",
      "minLength": 2,
      "metadata": {
        "description": "Web app name."
      }
    },
    "location": {
      "type": "string",
      "defaultValue": "[resourceGroup().location]",
      "metadata": {
        "description": "Location for all resources."
      }
    },
    "sku": {
      "type": "string",
      "defaultValue": "F1",
      "metadata": {
        "description": "The SKU of App Service Plan."
      }
    },
    "linuxFxVersion": {
      "type": "string",
      "defaultValue": "DOTNETCORE|3.0",
      "metadata": {
        "description": "The Runtime stack of current web app"
      }
    },
    "repoUrl": {
      "type": "string",
      "defaultValue": " ",
      "metadata": {
        "description": "Optional Git Repo URL"
      }
    }
  },
  "variables": {
    "appServicePlanPortalName": "[concat('AppServicePlan-', parameters('webAppName'))]"
  },
  "resources": [
    {
      "type": "Microsoft.Web/serverfarms",
      "apiVersion": "2020-06-01",
      "name": "[variables('appServicePlanPortalName')]",
      "location": "[parameters('location')]",
      "sku": {
        "name": "[parameters('sku')]"
      },
      "kind": "linux",
      "properties": {
        "reserved": true
      }
    },
    {
      "type": "Microsoft.Web/sites",
      "apiVersion": "2020-06-01",
      "name": "[parameters('webAppName')]",
      "location": "[parameters('location')]",

      "dependsOn": [
        "[resourceId('Microsoft.Web/serverfarms', variables('appServicePlanPortalName'))]"
      ],
      "properties": {
        "serverFarmId": "[resourceId('Microsoft.Web/serverfarms', variables('appServicePlanPortalName'))]",
        "siteConfig": {
          "linuxFxVersion": "[parameters('linuxFxVersion')]"
        },
        "resources": [
          {
            "condition": "[contains(parameters('repoUrl'),'http')]",
            "type": "sourcecontrols",
            "apiVersion": "2020-06-01",
            "name": "web",
            "location": "[parameters('location')]",
            "dependsOn": [
              "[resourceId('Microsoft.Web/sites', parameters('webAppName'))]"
            ],
            "properties": {
              "repoUrl": "[parameters('repoUrl')]",
              "branch": "master",
              "isManualIntegration": true
            }
          }
        ]
      }
    }
  ]
}
