{
  "$schema": "https://schema.management.azure.com/schemas/2019-04-01/deploymentTemplate.json#",
  "contentVersion": "1.0.0.0",
  "metadata": {
    "_generator": {
      "name": "bicep",
      "version": "0.3.255.40792",
      "templateHash": "6456583574145527380"
    }
  },
  "parameters": {
    "endpointName": {
      "type": "string",
      "defaultValue": "[format('afd-{0}', uniqueString(resourceGroup().id))]",
      "metadata": {
        "description": "The name of the Front Door endpoint to create. This must be globally unique."
      }
    },
    "skuName": {
      "type": "string",
      "defaultValue": "Standard_AzureFrontDoor",
      "allowedValues": [
        "Standard_AzureFrontDoor",
        "Premium_AzureFrontDoor"
      ],
      "metadata": {
        "description": "The name of the SKU to use when creating the Front Door profile."
      }
    },
    "originHostName": {
      "type": "string",
      "metadata": {
        "description": "The host name that should be used when connecting from Front Door to the origin."
      }
    }
  },
  "functions": [],
  "variables": {
    "profileName": "MyFrontDoor",
    "originGroupName": "MyOriginGroup",
    "originName": "MyOrigin",
    "routeName": "MyRoute"
  },
  "resources": [
    {
      "type": "Microsoft.Cdn/profiles",
      "apiVersion": "2020-09-01",
      "name": "[variables('profileName')]",
      "location": "global",
      "sku": {
        "name": "[parameters('skuName')]"
      }
    },
    {
      "type": "Microsoft.Cdn/profiles/afdEndpoints",
      "apiVersion": "2020-09-01",
      "name": "[format('{0}/{1}', variables('profileName'), parameters('endpointName'))]",
      "location": "global",
      "properties": {
        "originResponseTimeoutSeconds": 240,
        "enabledState": "Enabled"
      },
      "dependsOn": [
        "[resourceId('Microsoft.Cdn/profiles', variables('profileName'))]"
      ]
    },
    {
      "type": "Microsoft.Cdn/profiles/originGroups",
      "apiVersion": "2020-09-01",
      "name": "[format('{0}/{1}', variables('profileName'), variables('originGroupName'))]",
      "properties": {
        "loadBalancingSettings": {
          "sampleSize": 4,
          "successfulSamplesRequired": 3
        },
        "healthProbeSettings": {
          "probePath": "/",
          "probeRequestType": "HEAD",
          "probeProtocol": "Http",
          "probeIntervalInSeconds": 100
        }
      },
      "dependsOn": [
        "[resourceId('Microsoft.Cdn/profiles', variables('profileName'))]"
      ]
    },
    {
      "type": "Microsoft.Cdn/profiles/originGroups/origins",
      "apiVersion": "2020-09-01",
      "name": "[format('{0}/{1}/{2}', variables('profileName'), variables('originGroupName'), variables('originName'))]",
      "properties": {
        "hostName": "[parameters('originHostName')]",
        "httpPort": 80,
        "httpsPort": 443,
        "originHostHeader": "[parameters('originHostName')]",
        "priority": 1,
        "weight": 1000
      },
      "dependsOn": [
        "[resourceId('Microsoft.Cdn/profiles/originGroups', variables('profileName'), variables('originGroupName'))]",
        "[resourceId('Microsoft.Cdn/profiles', variables('profileName'))]"
      ]
    },
    {
      "type": "Microsoft.Cdn/profiles/afdEndpoints/routes",
      "apiVersion": "2020-09-01",
      "name": "[format('{0}/{1}/{2}', variables('profileName'), parameters('endpointName'), variables('routeName'))]",
      "properties": {
        "originGroup": {
          "id": "[resourceId('Microsoft.Cdn/profiles/originGroups', variables('profileName'), variables('originGroupName'))]"
        },
        "supportedProtocols": [
          "Http",
          "Https"
        ],
        "patternsToMatch": [
          "/*"
        ],
        "compressionSettings": {
          "contentTypesToCompress": [
            "application/eot",
            "application/font",
            "application/font-sfnt",
            "application/javascript",
            "application/json",
            "application/opentype",
            "application/otf",
            "application/pkcs7-mime",
            "application/truetype",
            "application/ttf",
            "application/vnd.ms-fontobject",
            "application/xhtml+xml",
            "application/xml",
            "application/xml+rss",
            "application/x-font-opentype",
            "application/x-font-truetype",
            "application/x-font-ttf",
            "application/x-httpd-cgi",
            "application/x-javascript",
            "application/x-mpegurl",
            "application/x-opentype",
            "application/x-otf",
            "application/x-perl",
            "application/x-ttf",
            "font/eot",
            "font/ttf",
            "font/otf",
            "font/opentype",
            "image/svg+xml",
            "text/css",
            "text/csv",
            "text/html",
            "text/javascript",
            "text/js",
            "text/plain",
            "text/richtext",
            "text/tab-separated-values",
            "text/xml",
            "text/x-script",
            "text/x-component",
            "text/x-java-source"
          ],
          "isCompressionEnabled": true
        },
        "queryStringCachingBehavior": "IgnoreQueryString",
        "forwardingProtocol": "HttpsOnly",
        "linkToDefaultDomain": "Enabled",
        "httpsRedirect": "Enabled"
      },
      "dependsOn": [
        "[resourceId('Microsoft.Cdn/profiles/afdEndpoints', variables('profileName'), parameters('endpointName'))]",
        "[resourceId('Microsoft.Cdn/profiles/originGroups/origins', variables('profileName'), variables('originGroupName'), variables('originName'))]",
        "[resourceId('Microsoft.Cdn/profiles/originGroups', variables('profileName'), variables('originGroupName'))]",
        "[resourceId('Microsoft.Cdn/profiles', variables('profileName'))]"
      ]
    }
  ],
  "outputs": {
    "frontDoorEndpointHostName": {
      "type": "string",
      "value": "[reference(resourceId('Microsoft.Cdn/profiles/afdEndpoints', variables('profileName'), parameters('endpointName'))).hostName]"
    }
  }
}
