{
  "$schema": "https://schema.management.azure.com/schemas/2019-04-01/deploymentTemplate.json#",
  "contentVersion": "1.0.0.0",
  "metadata": {
    "_generator": {
      "name": "bicep",
      "version": "0.4.613.9944",
      "templateHash": "15432294146387792090"
    }
  },
  "parameters": {
    "vnetName": {
      "type": "string",
      "defaultValue": "myVnet",
      "metadata": {
        "description": "Name of the virtual network"
      }
    },
    "subnetName": {
      "type": "string",
      "defaultValue": "mySubnet",
      "metadata": {
        "description": "Name of the subnet for virtual network"
      }
    },
    "vnetAddressSpace": {
      "type": "string",
      "defaultValue": "192.168.0.0/16",
      "metadata": {
        "description": "Address space for virtual network"
      }
    },
    "vnetSubnetPrefix": {
      "type": "string",
      "defaultValue": "192.168.0.0/24",
      "metadata": {
        "description": "Subnet prefix for virtual network"
      }
    },
    "natGatewayName": {
      "type": "string",
      "defaultValue": "myNATgateway",
      "metadata": {
        "description": "Name of the NAT gateway resource"
      }
    },
    "publicIpDns": {
      "type": "string",
      "defaultValue": "[format('gw-{0}', uniqueString(resourceGroup().id))]",
      "metadata": {
        "description": "dns of the public ip address, leave blank for no dns"
      }
    },
    "location": {
      "type": "string",
      "defaultValue": "[resourceGroup().location]",
      "metadata": {
        "description": "Location of resources"
      }
    }
  },
  "functions": [],
  "variables": {
    "publicIpName": "[format('{0}-ip', parameters('natGatewayName'))]",
    "publicIpAddresses": [
      {
        "id": "[resourceId('Microsoft.Network/publicIPAddresses', variables('publicIpName'))]"
      }
    ]
  },
  "resources": [
    {
      "type": "Microsoft.Network/publicIPAddresses",
      "apiVersion": "2020-06-01",
      "name": "[variables('publicIpName')]",
      "location": "[parameters('location')]",
      "sku": {
        "name": "Standard"
      },
      "properties": {
        "publicIPAddressVersion": "IPv4",
        "publicIPAllocationMethod": "Static",
        "idleTimeoutInMinutes": 4,
        "dnsSettings": {
          "domainNameLabel": "[parameters('publicIpDns')]"
        }
      }
    },
    {
      "type": "Microsoft.Network/natGateways",
      "apiVersion": "2020-06-01",
      "name": "[parameters('natGatewayName')]",
      "location": "[parameters('location')]",
      "sku": {
        "name": "Standard"
      },
      "properties": {
        "idleTimeoutInMinutes": 4,
        "publicIpAddresses": "[if(not(empty(parameters('publicIpDns'))), variables('publicIpAddresses'), null())]"
      },
      "dependsOn": [
        "[resourceId('Microsoft.Network/publicIPAddresses', variables('publicIpName'))]"
      ]
    },
    {
      "type": "Microsoft.Network/virtualNetworks",
      "apiVersion": "2020-06-01",
      "name": "[parameters('vnetName')]",
      "location": "[parameters('location')]",
      "properties": {
        "addressSpace": {
          "addressPrefixes": [
            "[parameters('vnetAddressSpace')]"
          ]
        },
        "subnets": [
          {
            "name": "[parameters('subnetName')]",
            "properties": {
              "addressPrefix": "[parameters('vnetSubnetPrefix')]",
              "natGateway": {
                "id": "[resourceId('Microsoft.Network/natGateways', parameters('natGatewayName'))]"
              },
              "privateEndpointNetworkPolicies": "Enabled",
              "privateLinkServiceNetworkPolicies": "Enabled"
            }
          }
        ],
        "enableDdosProtection": false,
        "enableVmProtection": false
      },
      "dependsOn": [
        "[resourceId('Microsoft.Network/natGateways', parameters('natGatewayName'))]"
      ]
    }
  ]
}