{
  "$schema": "https://schema.management.azure.com/schemas/2019-04-01/deploymentTemplate.json#",
  "contentVersion": "1.0.0.0",
  "parameters": {
    "location": {
      "type": "string",
      "metadata": {
        "Description": "The region to deploy the resources into"
      }
    },
    "virtualNetworkName": {
      "type": "string",
      "metadata": {
        "Description": "The name of the Virtual Network"
      }
    },
    "virtualNetworkAddressRange": {
      "type": "string",
      "metadata": {
        "Description": "The address range of the virtual network in CIDR format"
      },
      "defaultValue": "10.0.0.0/16"
    },
    "virtualNetworkSubnets": {
      "type": "array",
      "metadata": {
        "Description": "The subnet definition for the virtual network"
      }
    },
    "dnsAddress": {
      "type": "array",
      "metadata": {
        "Description": "The DNS address(es) of the DNS Server(s) used by the virtual network"
      }
    }
  },
  "resources": [
    {
      "name": "[parameters('virtualNetworkName')]",
      "type": "Microsoft.Network/virtualNetworks",
      "location": "[parameters('location')]",
      "apiVersion": "2020-05-01",
      "properties": {
        "addressSpace": {
          "addressPrefixes": [
            "[parameters('virtualNetworkAddressRange')]"
          ]
        },
        "dhcpOptions": {
          "dnsServers": "[parameters('dnsAddress')]"
        },
        "subnets": "[parameters('virtualNetworkSubnets')]"
      }
    }
  ]
}
