{
  "$schema": "https://schema.management.azure.com/schemas/2019-04-01/deploymentParameters.json#",
  "contentVersion": "1.0.0.0",
  "parameters": {
    "projectName": {
      "value": "GEN-UNIQUE-3"
    },
    "adminUsername": {
      "value": "GEN-UNIQUE"
    },
    "adminPassword": {
      "value": "GEN-PASSWORD"
    },
    "location-cr": {
      "value": "eastus2"
    },
    "location-r1": {
      "value": "eastus2"
    },
    "location-r2": {
      "value": "westus2"
    }
  }
}
