{
  "$schema": "https://aka.ms/azure-quickstart-templates-metadata-schema#",
  "type": "QuickStart",
  "itemDisplayName": "Create a cross-region load balancer",
  "description": "This template creates a cross-region load balancer with a backend pool containing two regional load balancers. Cross-region load balancer is currently available in limited regions. The regional load balancers behind the cross-region load balancer can be in any region.",
  "summary": "This template creates a cross-region load balancer with a backend pool containing two regional load balancers",
  "githubUsername": "asudbring",
  "dateUpdated": "2021-05-11",
  "environments": [
    "AzureCloud"
  ]
}