{
  "$schema": "https://aka.ms/azure-quickstart-templates-metadata-schema#",
  "type": "QuickStart",
  "itemDisplayName": "Azure Traffic Manager VM example",
  "description": "This template shows how to create an Azure Traffic Manager profile load-balancing across multiple virtual machines.",
  "summary": "This template creates an Azure Traffic Manager profile that load-balances across multiple virtual machines.",
  "githubUsername": "GarethBradshawMSFT",
  "dateUpdated": "2021-11-19",
  "environments": [
    "AzureCloud"
  ]
}