{
    "$schema": "https://schema.management.azure.com/schemas/2019-04-01/deploymentTemplate.json#",
    "contentVersion": "1.0.0.0",
    "parameters": {
        "location": {
            "type": "string",
            "defaultValue": "[resourceGroup().location]",
            "metadata": {
                "description": "The location for the new Virtual Network."
            }
        },
        "virtualNetworkName": {
            "type": "string",
            "metadata": {
                "description": "The name of the Virtual Network."
            }
        },
        "virtualNetworkPrefix": {
            "type": "string",
            "defaultValue": "10.0.0.0/16",
            "metadata": {
                "description": "The address space prefix for the virtual network."
            }
        },
        "virtualNetworkSubnetName": {
            "type": "string",
            "metadata": {
                "description": "The name of the subnet."
            }
        },
        "virtualNetworkSubnetPrefix": {
            "type": "string",
            "defaultValue": "10.0.0.0/24",
            "metadata": {
                "description": "The address space prefix for the subnet."
            }
        }
    },
    "resources": [
        {
            "name": "[parameters('virtualNetworkName')]",
            "type": "Microsoft.Network/virtualNetworks",
            "location": "[parameters('location')]",
            "apiVersion": "2020-05-01",
            "properties": {
                "addressSpace": {
                    "addressPrefixes": [
                        "[parameters('virtualNetworkPrefix')]"
                    ]
                },
                "subnets": [
                    {
                        "name": "[parameters('virtualNetworkSubnetName')]",
                        "properties": {
                            "addressPrefix": "[parameters('virtualNetworkSubnetPrefix')]"
                        }
                    }
                ]
            }
        }
    ],
    "outputs": {
        "existingVirtualNetworkLocation": {
            "type": "string",
            "value": "[parameters('location')]"
        },
        "existingVirtualNetworkResourceGroupName": {
            "type": "string",
            "value": "[resourceGroup().name]"
        },
        "existingVirtualNetworkName": {
            "type": "string",
            "value": "[parameters('virtualNetworkName')]"
        },
        "existingSubnetName": {
            "type": "string",
            "value": "[parameters('virtualNetworkSubnetName')]"
        },
        "existingSubnetPrefix": {
            "type": "string",
            "value": "[parameters('virtualNetworkSubnetPrefix')]"
        }
    }
}
