{
    "$schema": "https://schema.management.azure.com/schemas/2019-04-01/deploymentParameters.json#",
    "contentVersion": "1.0.0.0",
    "parameters": {
        "circuitName": {
            "value": "GEN-UNIQUE"
        },
        "serviceProviderName": {
            "value": "Equinix"
        },
        "peeringLocation": {
            "value": "Silicon Valley"
        },
        "bandwidthInMbps": {
            "value": 500
        },
        "skuTier": {
            "value": "Premium"
        },
        "skuFamily": {
            "value": "MeteredData"
        }
    }
}