{
  "$schema": "https://aka.ms/azure-quickstart-templates-metadata-schema#",
  "type": "QuickStart",
  "itemDisplayName": "Front Door Premium with VM and Private Link service",
  "description": "This template creates a Front Door Premium (Preview) and a virtual machine configured as a web server. Front Door uses a private endpoint with Private Link service to send traffic to the VM.",
  "summary": "This template creates a Front Door Premium (Preview) and a virtual machine configured as a web server. Front Door uses a private endpoint with Private Link service to send traffic to the VM.",
  "githubUsername": "johndowns",
  "docOwner": "johndowns",
  "dateUpdated": "2021-05-18",
  "environments": [
    "AzureCloud"
  ]
}