{
  "$schema": "https://schema.management.azure.com/schemas/2019-04-01/deploymentTemplate.json#",
  "contentVersion": "1.0.0.1",
  "parameters": {
    "virtualNetworkResourceGroupName": {
      "type": "string",
      "metadata": {
        "description": "The resource group where the existing VNet is located."
      }
    },
    "virtualNetworkName": {
      "type": "string",
      "metadata": {
        "description": "The name of the existing VNet"
      }
    },
    "subnetName": {
      "type": "string",
      "defaultValue": "default",
      "metadata": {
        "description": "The name of the existing subnet."
      }
    },
    "location": {
      "type": "string",
      "defaultValue": "[resourceGroup().location]",
      "metadata": {
        "description": "Location for all resources"
      }
    },
    "_artifactsLocation": {
      "type": "string",
      "metadata": {
        "description": "The base URI where artifacts required by this template are located."
      },
      "defaultValue": "[deployment().properties.templateLink.uri]"
    },
    "_artifactsLocationSasToken": {
      "type": "securestring",
      "metadata": {
        "description": "The sasToken required to access _artifactsLocation."
      },
      "defaultValue": ""
    }
  },
  "resources": [
    {
      "type": "Microsoft.Network/networkSecurityGroups",
      "name": "new-nsg",
      "location": "[parameters('location')]",
      "apiVersion": "2020-05-01",
      "properties": {
        "securityRules": [
          {
            "name": "SSH",
            "properties": {
              "description": "Allows SSH traffic",
              "protocol": "Tcp",
              "sourcePortRange": "*",
              "destinationPortRange": "22",
              "sourceAddressPrefix": "*",
              "destinationAddressPrefix": "*",
              "access": "Allow",
              "priority": 100,
              "direction": "Inbound"
            }
          }
        ]
      }
    },
    {
      "apiVersion": "2020-06-01",
      "name": "deploy",
      "type": "Microsoft.Resources/deployments",
      "resourceGroup": "[parameters('virtualNetworkResourceGroupName')]",
      "dependsOn": [
        "new-nsg"
      ],
      "properties": {
        "mode": "Incremental",
        "templateLink": {
          "uri": "[uri(parameters('_artifactsLocation'), concat('nested/updateSubnet.json', parameters('_artifactsLocationSasToken')))]",
          "contentVersion": "1.0.0.0"
        },
        "parameters": {
          "virtualNetworkName": {
            "value": "[parameters('virtualNetworkName')]"
          },
          "subnetName": {
            "value": "[parameters('subnetName')]"
          },
          "subnetAddressPrefix": {
            "value": "[reference(resourceId(parameters('virtualNetworkResourceGroupName'), 'Microsoft.Network/virtualNetworks/subnets', parameters('virtualNetworkName'), parameters('subnetName')), '2020-08-01').addressPrefix]"
          },
          "nsgId": {
            "value": "[resourceId('Microsoft.Network/networkSecurityGroups', 'new-nsg')]"
          },
          "location": {
            "value": "[parameters('location')]"
          }
        }
      }
    }
  ]
}
