{
  "$schema": "https://aka.ms/azure-quickstart-templates-metadata-schema#",
  "type": "QuickStart",
  "environments": [
    "AzureCloud"
  ],
  "itemDisplayName": "Create a Firewall and FirewallPolicy with Rules and Ipgroups",
  "description": "This template deploys an Azure Firewall with Firewall Policy (including multiple application and network rules) referencing IP Groups in application and network rules.",
  "summary": "Create an Azure Firewall with Firewall Policy (including multiple application and network rules) and IpGroups",
  "githubUsername": "amahajan-75",
  "dateUpdated": "2021-05-11"
}