{
    "$schema": "https://schema.management.azure.com/schemas/2019-04-01/deploymentParameters.json#",
    "contentVersion": "1.0.0.0",
    "parameters": {
        "location1": {
            "value": "eastus" 
        },
        "location2": {
            "value": "eastus" 
        },
        "adminUsername": {
            "value": "GEN-UNIQUE"
        },
        "adminPassword": {
            "value": "GEN-PASSWORD"
        },
        "sharedKey":{
            "value": "GEN-PASSWORD"
        }
    }
}
