{
  "$schema": "https://aka.ms/azure-quickstart-templates-metadata-schema#",
  "type": "QuickStart",
  "itemDisplayName": "Site-to-Site VPN with active-active VPN Gateways with BGP",
  "description": "This template allows you to deploy a site-to-site VPN between two VNets with VPN Gateways in configuration active-active with BGP. Each Azure VPN Gateway resolves the FQDN of the remote peers to determine the public IP of the remote VPN Gateway. Template runs as expected in Azure regions with availability zones.",
  "summary": "site-to-site VPN between two VNets with VPN Gateways in configuration active-active with BGP",
  "githubUsername": "fabferri",
  "dateUpdated": "2021-06-18",
  "environments": [
    "AzureCloud"
  ]
}