{
  "$schema": "https://schema.management.azure.com/schemas/2019-04-01/deploymentTemplate.json#",
  "contentVersion": "1.0.0.0",
  "parameters": {
    "location": {
      "type": "string",
      "defaultValue": "[resourceGroup().location]",
      "metadata": {
        "description": "The location into which regionally scoped resources should be deployed. Note that Front Door is a global resource."
      }
    },
    "appName": {
      "type": "string",
      "defaultValue": "[format('myapp-{0}', uniqueString(resourceGroup().id))]",
      "metadata": {
        "description": "The name of the App Service application to create. This must be globally unique."
      }
    },
    "appServicePlanSkuName": {
      "type": "string",
      "defaultValue": "S1",
      "metadata": {
        "description": "The name of the SKU to use when creating the App Service plan."
      }
    },
    "appServicePlanCapacity": {
      "type": "int",
      "defaultValue": 1,
      "metadata": {
        "description": "The number of worker instances of your App Service plan that should be provisioned."
      }
    },
    "frontDoorEndpointName": {
      "type": "string",
      "defaultValue": "[format('afd-{0}', uniqueString(resourceGroup().id))]",
      "metadata": {
        "description": "The name of the Front Door endpoint to create. This must be globally unique."
      }
    },
    "frontDoorSkuName": {
      "type": "string",
      "defaultValue": "Standard_AzureFrontDoor",
      "allowedValues": [
        "Standard_AzureFrontDoor",
        "Premium_AzureFrontDoor"
      ],
      "metadata": {
        "description": "The name of the SKU to use when creating the Front Door profile."
      }
    }
  },
  "functions": [],
  "variables": {
    "appServicePlanName": "AppServicePlan",
    "frontDoorProfileName": "MyFrontDoor",
    "frontDoorOriginGroupName": "MyOriginGroup",
    "frontDoorOriginName": "MyAppServiceOrigin",
    "frontDoorRouteName": "MyRoute"
  },
  "resources": [
    {
      "type": "Microsoft.Cdn/profiles",
      "apiVersion": "2020-09-01",
      "name": "[variables('frontDoorProfileName')]",
      "location": "global",
      "sku": {
        "name": "[parameters('frontDoorSkuName')]"
      }
    },
    {
      "type": "Microsoft.Web/serverfarms",
      "apiVersion": "2020-06-01",
      "name": "[variables('appServicePlanName')]",
      "location": "[parameters('location')]",
      "sku": {
        "name": "[parameters('appServicePlanSkuName')]",
        "capacity": "[parameters('appServicePlanCapacity')]"
      },
      "kind": "app"
    },
    {
      "type": "Microsoft.Web/sites",
      "apiVersion": "2020-06-01",
      "name": "[parameters('appName')]",
      "location": "[parameters('location')]",
      "kind": "app",
      "properties": {
        "serverFarmId": "[resourceId('Microsoft.Web/serverfarms', variables('appServicePlanName'))]",
        "httpsOnly": true,
        "siteConfig": {
          "ipSecurityRestrictions": [
            {
              "tag": "ServiceTag",
              "ipAddress": "AzureFrontDoor.Backend",
              "action": "Allow",
              "priority": 100,
              "headers": {
                "x-azure-fdid": [
                  "[reference(resourceId('Microsoft.Cdn/profiles', variables('frontDoorProfileName'))).frontdoorId]"
                ]
              },
              "name": "Allow traffic from Front Door"
            }
          ]
        }
      },
      "dependsOn": [
        "[resourceId('Microsoft.Web/serverfarms', variables('appServicePlanName'))]",
        "[resourceId('Microsoft.Cdn/profiles', variables('frontDoorProfileName'))]"
      ]
    },
    {
      "type": "Microsoft.Cdn/profiles/afdEndpoints",
      "apiVersion": "2020-09-01",
      "name": "[format('{0}/{1}', variables('frontDoorProfileName'), parameters('frontDoorEndpointName'))]",
      "location": "global",
      "properties": {
        "originResponseTimeoutSeconds": 240,
        "enabledState": "Enabled"
      },
      "dependsOn": [
        "[resourceId('Microsoft.Cdn/profiles', variables('frontDoorProfileName'))]"
      ]
    },
    {
      "type": "Microsoft.Cdn/profiles/originGroups",
      "apiVersion": "2020-09-01",
      "name": "[format('{0}/{1}', variables('frontDoorProfileName'), variables('frontDoorOriginGroupName'))]",
      "properties": {
        "loadBalancingSettings": {
          "sampleSize": 4,
          "successfulSamplesRequired": 3
        },
        "healthProbeSettings": {
          "probePath": "/",
          "probeRequestType": "HEAD",
          "probeProtocol": "Http",
          "probeIntervalInSeconds": 100
        }
      },
      "dependsOn": [
        "[resourceId('Microsoft.Cdn/profiles', variables('frontDoorProfileName'))]"
      ]
    },
    {
      "type": "Microsoft.Cdn/profiles/originGroups/origins",
      "apiVersion": "2020-09-01",
      "name": "[format('{0}/{1}/{2}', variables('frontDoorProfileName'), variables('frontDoorOriginGroupName'), variables('frontDoorOriginName'))]",
      "properties": {
        "hostName": "[reference(resourceId('Microsoft.Web/sites', parameters('appName'))).defaultHostName]",
        "httpPort": 80,
        "httpsPort": 443,
        "originHostHeader": "[reference(resourceId('Microsoft.Web/sites', parameters('appName'))).defaultHostName]",
        "priority": 1,
        "weight": 1000
      },
      "dependsOn": [
        "[resourceId('Microsoft.Web/sites', parameters('appName'))]",
        "[resourceId('Microsoft.Cdn/profiles/originGroups', variables('frontDoorProfileName'), variables('frontDoorOriginGroupName'))]",
        "[resourceId('Microsoft.Cdn/profiles', variables('frontDoorProfileName'))]"
      ]
    },
    {
      "type": "Microsoft.Cdn/profiles/afdEndpoints/routes",
      "apiVersion": "2020-09-01",
      "name": "[format('{0}/{1}/{2}', variables('frontDoorProfileName'), parameters('frontDoorEndpointName'), variables('frontDoorRouteName'))]",
      "properties": {
        "originGroup": {
          "id": "[resourceId('Microsoft.Cdn/profiles/originGroups', variables('frontDoorProfileName'), variables('frontDoorOriginGroupName'))]"
        },
        "supportedProtocols": [
          "Http",
          "Https"
        ],
        "patternsToMatch": [
          "/*"
        ],
        "compressionSettings": {
          "contentTypesToCompress": [
            "application/eot",
            "application/font",
            "application/font-sfnt",
            "application/javascript",
            "application/json",
            "application/opentype",
            "application/otf",
            "application/pkcs7-mime",
            "application/truetype",
            "application/ttf",
            "application/vnd.ms-fontobject",
            "application/xhtml+xml",
            "application/xml",
            "application/xml+rss",
            "application/x-font-opentype",
            "application/x-font-truetype",
            "application/x-font-ttf",
            "application/x-httpd-cgi",
            "application/x-javascript",
            "application/x-mpegurl",
            "application/x-opentype",
            "application/x-otf",
            "application/x-perl",
            "application/x-ttf",
            "font/eot",
            "font/ttf",
            "font/otf",
            "font/opentype",
            "image/svg+xml",
            "text/css",
            "text/csv",
            "text/html",
            "text/javascript",
            "text/js",
            "text/plain",
            "text/richtext",
            "text/tab-separated-values",
            "text/xml",
            "text/x-script",
            "text/x-component",
            "text/x-java-source"
          ],
          "isCompressionEnabled": true
        },
        "queryStringCachingBehavior": "IgnoreQueryString",
        "forwardingProtocol": "HttpsOnly",
        "linkToDefaultDomain": "Enabled",
        "httpsRedirect": "Enabled"
      },
      "dependsOn": [
        "[resourceId('Microsoft.Cdn/profiles/afdEndpoints', variables('frontDoorProfileName'), parameters('frontDoorEndpointName'))]",
        "[resourceId('Microsoft.Cdn/profiles/originGroups/origins', variables('frontDoorProfileName'), variables('frontDoorOriginGroupName'), variables('frontDoorOriginName'))]",
        "[resourceId('Microsoft.Cdn/profiles/originGroups', variables('frontDoorProfileName'), variables('frontDoorOriginGroupName'))]",
        "[resourceId('Microsoft.Cdn/profiles', variables('frontDoorProfileName'))]"
      ]
    }
  ],
  "outputs": {
    "appServiceHostName": {
      "type": "string",
      "value": "[reference(resourceId('Microsoft.Web/sites', parameters('appName'))).defaultHostName]"
    },
    "frontDoorEndpointHostName": {
      "type": "string",
      "value": "[reference(resourceId('Microsoft.Cdn/profiles/afdEndpoints', variables('frontDoorProfileName'), parameters('frontDoorEndpointName'))).hostName]"
    }
  },
  "metadata": {
    "_generator": {
      "name": "bicep",
      "version": "0.3.126.58533",
      "templateHash": "13450059783872220843"
    }
  }
}
