{
  "$schema": "https://aka.ms/azure-quickstart-templates-metadata-schema#",
  "type": "QuickStart",
  "itemDisplayName": "Front Door Standard/Premium with App Service origin",
  "description": "This template creates a Front Door Standard/Premium (Preview), an App Service, and configures the App Service to validate that traffic has come through the Front Door origin.",
  "summary": "This template creates a Front Door Standard/Premium (Preview), an App Service, and configures the App Service to validate that traffic has come through the Front Door origin.",
  "githubUsername": "johndowns",
  "docOwner": "johndowns",
  "dateUpdated": "2021-05-18",
  "environments": [
    "AzureCloud"
  ]
}