{
  "$schema": "https://schema.management.azure.com/schemas/2019-04-01/deploymentTemplate.json#",
  "contentVersion": "1.0.0.0",
  "metadata": {
    "_generator": {
      "name": "bicep",
      "version": "0.4.1.14562",
      "templateHash": "9918449524011037935"
    }
  },
  "parameters": {
    "ddosProtectionPlanName": {
      "type": "string",
      "metadata": {
        "description": "Specify a DDoS protection plan name."
      }
    },
    "virtualNetworkName": {
      "type": "string",
      "metadata": {
        "description": "Specify a DDoS virtual network name."
      }
    },
    "location": {
      "type": "string",
      "defaultValue": "[resourceGroup().location]",
      "metadata": {
        "description": "Specify a location for the resources."
      }
    },
    "vnetAddressPrefix": {
      "type": "string",
      "defaultValue": "172.17.0.0/16",
      "metadata": {
        "description": "Specify the virtual network address prefix"
      }
    },
    "subnetPrefix": {
      "type": "string",
      "defaultValue": "172.17.0.0/24",
      "metadata": {
        "description": "Specify the virtual network subnet prefix"
      }
    },
    "ddosProtectionPlanEnabled": {
      "type": "bool",
      "defaultValue": true,
      "metadata": {
        "description": "Enable DDoS protection plan."
      }
    }
  },
  "functions": [],
  "resources": [
    {
      "type": "Microsoft.Network/ddosProtectionPlans",
      "apiVersion": "2020-11-01",
      "name": "[parameters('ddosProtectionPlanName')]",
      "location": "[parameters('location')]"
    },
    {
      "type": "Microsoft.Network/virtualNetworks",
      "apiVersion": "2020-11-01",
      "name": "[parameters('virtualNetworkName')]",
      "location": "[parameters('location')]",
      "properties": {
        "addressSpace": {
          "addressPrefixes": [
            "[parameters('vnetAddressPrefix')]"
          ]
        },
        "subnets": [
          {
            "name": "default",
            "properties": {
              "addressPrefix": "[parameters('subnetPrefix')]"
            }
          }
        ],
        "enableDdosProtection": "[parameters('ddosProtectionPlanEnabled')]",
        "ddosProtectionPlan": {
          "id": "[resourceId('Microsoft.Network/ddosProtectionPlans', parameters('ddosProtectionPlanName'))]"
        }
      },
      "dependsOn": [
        "[resourceId('Microsoft.Network/ddosProtectionPlans', parameters('ddosProtectionPlanName'))]"
      ]
    }
  ]
}