{
  "$schema": "https://aka.ms/azure-quickstart-templates-metadata-schema#",
  "type": "QuickStart",
  "itemDisplayName": "Create and enable a DDoS protection plan",
  "description": "This template creates a DDoS protection plan and a virtual network. It also enables the DDoS protection plan for the virtual network.",
  "summary": "This template creates a DDoS protection plan and a virtual network. It also enables the DDoS protection plan for the virtual network.",
  "githubUsername": "mumian",
  "docOwner": "mumian",
  "dateUpdated": "2021-06-21"
}
