{
    "$schema": "https://schema.management.azure.com/schemas/2019-04-01/deploymentParameters.json#",
    "contentVersion": "1.0.0.0",
    "parameters": {
        "sharedKey": {
            "value": "GEN-UNIQUE"
        },
        "vnetName": {
            "value": "GEN-UNIQUE" 
        },
        "vnetLocation": {
            "value": "eastus"
        },
        "existingGatewayId": {
            "value": "GET-PREREQ-existingGatewayId"
        },
        "existingVnetLocation": {
            "value": "GET-PREREQ-existingVnetLocation"
        }
    }
}
