{
  "$schema": "https://aka.ms/azure-quickstart-templates-metadata-schema#",
  "type": "QuickStart",
  "itemDisplayName": "Extend an existing Azure VNET to a Multi-VNET Configuration",
  "description": "This template allows you to extend an existing single VNET environment to a Multi-VNET environment that extends across two datacenter regions using VNET-to-VNET gateways",
  "summary": "Extend existing VNET to Multi-VNET",
  "githubUsername": "robotechredmond",
  "dateUpdated": "2021-05-14"
}