{
    "$schema": "https://schema.management.azure.com/schemas/2019-04-01/deploymentParameters.json#",
    "contentVersion": "1.0.0.0",
    "parameters": {
        "circuitName": {
            "value": "SampleTestCircuit6"
        },
        "serviceProviderName": {
            "value": "Equinix"
        },
        "peeringLocation": {
            "value": "Silicon Valley"
        },
        "bandwidthInMbps": {
            "value": 500
        },
        "sku_tier": {
            "value": "Premium"
        },
        "sku_family": {
            "value": "MeteredData"
        },
        "peeringType": {
            "value": "AzurePrivatePeering"
        },
        "sharedKey": {
            "value": "secretkey"
        },
        "peerASN": {
            "value": 100
        },
        "primaryPeerAddressPrefix": {
            "value": "192.168.1.0/30"
        },
        "secondaryPeerAddressPrefix": {
            "value": "192.168.2.0/30"
        },
        "vlanId": {
            "value": 200
        }
    }
}
