{
  "$schema": "https://schema.management.azure.com/schemas/2019-04-01/deploymentTemplate.json#",
  "contentVersion": "1.0.0.0",
  "parameters": {
    "circuitName": {
      "type": "string",
      "metadata": {
        "description": "This is the name of the ExpressRoute circuit."
      }
    },
    "serviceProviderName": {
      "type": "string",
      "metadata": {
        "description": "This is the name of the ExpressRoute Service Provider. It must exactly match one of the Service Providers from List ExpressRoute Service Providers API call."
      }
    },
    "peeringLocation": {
      "type": "string",
      "metadata": {
        "description": "This is the name of the peering location and not the ARM resource location. It must exactly match one of the available peering locations from List ExpressRoute Service Providers API call."
      }
    },
    "bandwidthInMbps": {
      "type": "int",
      "metadata": {
        "description": "This is the bandwidth in Mbps of the circuit being created. It must exactly match one of the available bandwidth offers List ExpressRoute Service Providers API call."
      }
    },
    "sku_tier": {
      "type": "string",
      "defaultValue": "Standard",
      "allowedValues": [
        "Standard",
        "Premium"
      ],
      "metadata": {
        "description": "Chosen SKU Tier of ExpressRoute circuit. Choose from Premium or Standard SKU tiers."
      }
    },
    "sku_family": {
      "type": "string",
      "defaultValue": "MeteredData",
      "allowedValues": [
        "MeteredData",
        "UnlimitedData"
      ],
      "metadata": {
        "description": "Chosen SKU family of ExpressRoute circuit. Choose from MeteredData or UnlimitedData SKU families."
      }
    },
    "peeringType": {
      "type": "string",
      "defaultValue": "AzurePrivatePeering",
      "allowedValues": [
        "AzurePrivatePeering",
        "AzurePublicPeering",
        "MicrosoftPeering"
      ],
      "metadata": {
        "description": "BGP peering type for the Circuit. Choose from AzurePrivatePeering, AzurePublicPeering or MicrosoftPeering."
      }
    },
    "sharedKey": {
      "type": "string",
      "metadata": {
        "description": "The shared key for peering configuration. Router does MD5 hash comparison to validate the packets sent by BGP connection. This parameter is optional and can be removed from peering configuration if not required."
      }
    },
    "peerASN": {
      "type": "int",
      "metadata": {
        "description": "The autonomous system number of the customer/connectivity provider."
      }
    },
    "primaryPeerAddressPrefix": {
      "type": "string",
      "metadata": {
        "description": "/30 subnet used to configure IP addresses for interfaces on Link1."
      }
    },
    "secondaryPeerAddressPrefix": {
      "type": "string",
      "metadata": {
        "description": "/30 subnet used to configure IP addresses for interfaces on Link2."
      }
    },
    "vlanId": {
      "type": "int",
      "metadata": {
        "description": "Specifies the identifier that is used to identify the customer."
      }
    },
    "location": {
      "type": "string",
      "defaultValue": "[resourceGroup().location]",
      "metadata": {
        "description": "Location for all resources."
      }
    }
  },
  "resources": [
    {
      "apiVersion": "2020-08-01",
      "type": "Microsoft.Network/expressRouteCircuits",
      "name": "[parameters('circuitName')]",
      "location": "[parameters('location')]",
      "tags": {
        "key1": "value1",
        "key2": "value2"
      },
      "sku": {
        "name": "[concat(parameters('sku_tier'),'_', parameters('sku_family'))]",
        "tier": "[parameters('sku_tier')]",
        "family": "[parameters('sku_family')]"
      },
      "properties": {
        "serviceProviderProperties": {
          "serviceProviderName": "[parameters('serviceProviderName')]",
          "peeringLocation": "[parameters('peeringLocation')]",
          "bandwidthInMbps": "[parameters('bandwidthInMbps')]"
        },
        "peerings": [
          {
            "name": "[parameters('peeringType')]",
            "properties": {
              "peeringType": "[parameters('peeringType')]",
              "sharedKey": "[parameters('sharedKey')]",
              "peerASN": "[parameters('peerASN')]",
              "primaryPeerAddressPrefix": "[parameters('primaryPeerAddressPrefix')]",
              "secondaryPeerAddressPrefix": "[parameters('secondaryPeerAddressPrefix')]",
              "vlanId": "[parameters('vlanId')]"
            }
          }
        ]
      }
    }
  ]
}
