{
  "$schema": "https://schema.management.azure.com/schemas/2019-04-01/deploymentTemplate.json#",
  "contentVersion": "1.0.0.0",
  "metadata": {
    "_generator": {
      "name": "bicep",
      "version": "0.4.1008.15138",
      "templateHash": "16081631543207635397"
    }
  },
  "parameters": {
    "privateDnsZoneName": {
      "type": "string",
      "metadata": {
        "description": "Private DNS zone name"
      }
    },
    "vmRegistration": {
      "type": "bool",
      "defaultValue": true,
      "metadata": {
        "description": "Enable automatic VM DNS registration in the zone"
      }
    },
    "vnetName": {
      "type": "string",
      "defaultValue": "VNet",
      "metadata": {
        "description": "VNet name"
      }
    },
    "vnetAddressPrefix": {
      "type": "string",
      "defaultValue": "10.0.0.0/16",
      "metadata": {
        "description": "VNet Address prefix"
      }
    },
    "subnetPrefix": {
      "type": "string",
      "defaultValue": "10.0.0.0/24",
      "metadata": {
        "description": "Subnet Prefix"
      }
    },
    "subnetName": {
      "type": "string",
      "defaultValue": "App",
      "metadata": {
        "description": "Subnet Name"
      }
    },
    "location": {
      "type": "string",
      "defaultValue": "[resourceGroup().location]",
      "metadata": {
        "description": "Location for all resources."
      }
    }
  },
  "functions": [],
  "resources": [
    {
      "type": "Microsoft.Network/virtualNetworks",
      "apiVersion": "2021-03-01",
      "name": "[parameters('vnetName')]",
      "location": "[parameters('location')]",
      "properties": {
        "addressSpace": {
          "addressPrefixes": [
            "[parameters('vnetAddressPrefix')]"
          ]
        },
        "subnets": [
          {
            "name": "[parameters('subnetName')]",
            "properties": {
              "addressPrefix": "[parameters('subnetPrefix')]"
            }
          }
        ]
      }
    },
    {
      "type": "Microsoft.Network/privateDnsZones",
      "apiVersion": "2020-06-01",
      "name": "[parameters('privateDnsZoneName')]",
      "location": "global"
    },
    {
      "type": "Microsoft.Network/privateDnsZones/virtualNetworkLinks",
      "apiVersion": "2020-06-01",
      "name": "[format('{0}/{1}', parameters('privateDnsZoneName'), format('{0}-link', parameters('vnetName')))]",
      "location": "global",
      "properties": {
        "registrationEnabled": "[parameters('vmRegistration')]",
        "virtualNetwork": {
          "id": "[resourceId('Microsoft.Network/virtualNetworks', parameters('vnetName'))]"
        }
      },
      "dependsOn": [
        "[resourceId('Microsoft.Network/privateDnsZones', parameters('privateDnsZoneName'))]",
        "[resourceId('Microsoft.Network/virtualNetworks', parameters('vnetName'))]"
      ]
    }
  ]
}