{
  "$schema": "https://aka.ms/azure-quickstart-templates-metadata-schema#",
  "type": "QuickStart",
  "itemDisplayName": "Azure private DNS domain hosting example",
  "description": "This template shows how to create a private DNS zone and optionally enable VM registration ",
  "summary": "This template creates a private DNS zone within the Azure DNS resource provider.  It can optionally enable VM registration which lets newly created VMs add their A record to the zone.",
  "githubUsername": "jrudley",
  "dateUpdated": "2021-11-29"
}