{
  "$schema": "https://schema.management.azure.com/schemas/2019-04-01/deploymentTemplate.json#",
  "contentVersion": "1.0.0.0",
  "metadata": {
    "_generator": {
      "name": "bicep",
      "version": "0.4.613.9944",
      "templateHash": "17247934225504258064"
    }
  },
  "parameters": {
    "networkWatcherName": {
      "type": "string",
      "metadata": {
        "description": "Network Watcher name"
      }
    },
    "location": {
      "type": "string",
      "defaultValue": "[resourceGroup().location]",
      "metadata": {
        "description": "Location of Network Watcher"
      }
    },
    "enableDeleteLock": {
      "type": "bool",
      "defaultValue": false,
      "metadata": {
        "description": "Enable delete lock"
      }
    }
  },
  "functions": [],
  "variables": {
    "lockName": "[format('{0}-lck', parameters('networkWatcherName'))]"
  },
  "resources": [
    {
      "type": "Microsoft.Network/networkWatchers",
      "apiVersion": "2021-02-01",
      "name": "[parameters('networkWatcherName')]",
      "location": "[parameters('location')]",
      "properties": {}
    },
    {
      "condition": "[parameters('enableDeleteLock')]",
      "type": "Microsoft.Authorization/locks",
      "apiVersion": "2016-09-01",
      "scope": "[format('Microsoft.Network/networkWatchers/{0}', parameters('networkWatcherName'))]",
      "name": "[variables('lockName')]",
      "properties": {
        "level": "CanNotDelete"
      },
      "dependsOn": [
        "[resourceId('Microsoft.Network/networkWatchers', parameters('networkWatcherName'))]"
      ]
    }
  ],
  "outputs": {
    "name": {
      "type": "string",
      "value": "[parameters('networkWatcherName')]"
    },
    "id": {
      "type": "string",
      "value": "[resourceId('Microsoft.Network/networkWatchers', parameters('networkWatcherName'))]"
    }
  }
}