{
  "$schema": "https://aka.ms/azure-quickstart-templates-metadata-schema#",
  "type": "QuickStart",
  "itemDisplayName": "Front Door Premium with blob origin and Private Link",
  "description": "This template creates a Front Door Premium (Preview) and an Azure Storage blob container, and uses a private endpoint for Front Door to send traffic to the storage account.",
  "summary": "This template creates a Front Door Premium (Preview) and an Azure Storage blob container, and uses a private endpoint for Front Door to send traffic to the storage account.",
  "githubUsername": "johndowns",
  "docOwner": "johndowns",
  "dateUpdated": "2021-05-18",
  "environments": [
    "AzureCloud"
  ]
}