{
    "$schema": "https://schema.management.azure.com/schemas/2019-04-01/deploymentTemplate.json#",
    "contentVersion": "1.0.0.0",
    "parameters": {
        "siteName": {
            "type": "string",
            "defaultValue": "[concat('FuncApp-', uniqueString(resourceGroup().id))]",
            "metadata": {
                "description": "The name of you Web Site."
            }
        },
        "storageAccountName": {
            "type": "String",
            "defaultValue": "[concat('store', uniqueString(resourceGroup().id))]"
        },
        "location": {
            "type": "string",
            "defaultValue": "[resourceGroup().location]",
            "metadata": {
                "description": "Location for all resources."
            }
        }
    },
    "variables": {
        "hostingPlanName": "[concat('hpn-', resourceGroup().name)]",
        "storageAccountid": "[resourceId('Microsoft.Storage/storageAccounts', parameters('storageAccountName'))]"
    },
    "resources": [
        {
            "type": "Microsoft.Web/sites",
            "apiVersion": "2019-08-01",
            "name": "[parameters('siteName')]",
            "kind": "functionapp,linux",
            "location": "[parameters('location')]",
            "dependsOn": [
                "[resourceId('Microsoft.Web/serverfarms', variables('hostingPlanName'))]",
                "[resourceId('Microsoft.Storage/storageAccounts', parameters('storageAccountName'))]"
            ],
            "properties": {
                "name": "[parameters('siteName')]",
                "siteConfig": {
                    "appSettings": [
                        {
                            "name": "FUNCTIONS_WORKER_RUNTIME",
                            "value": "python"
                        },
                        {
                            "name": "FUNCTIONS_EXTENSION_VERSION",
                            "value": "~2"
                        },
                        {
                            "name": "AzureWebJobsStorage",
                            "value": "[concat('DefaultEndpointsProtocol=https;AccountName=', parameters('storageAccountName'), ';AccountKey=', listKeys(variables('storageAccountid'),'2019-06-01').keys[0].value)]"
                        }
                    ]
                },
                "serverFarmId": "[resourceId('Microsoft.Web/serverfarms', variables('hostingPlanName'))]",
                "clientAffinityEnabled": false
            }
        },
        {
            "type": "Microsoft.Web/serverfarms",
            "apiVersion": "2019-08-01",
            "name": "[variables('hostingPlanName')]",
            "location": "[parameters('location')]",
            "kind": "linux",
            "properties": {
                "reserved": true
            },
            "sku": {
                "Tier": "Standard",
                "Name": "S1"
            }
        },
        {
            "type": "Microsoft.Storage/storageAccounts",
            "name": "[parameters('storageAccountName')]",
            "apiVersion": "2019-06-01",
            "location": "[parameters('location')]",
            "kind": "StorageV2",
            "sku": {
                "name": "Standard_LRS"
            }
        }
    ]
}
