{
  "$schema": "https://aka.ms/azure-quickstart-templates-metadata-schema#",
  "itemDisplayName": "Empty Function App",
  "description": "This template deploy an empty Function App and a hosting plan.",
  "summary": "This template deploys an empty Function App and a hosting plan.",
  "githubUsername": "leestott",
  "dateUpdated": "2021-05-11",
  "type": "QuickStart",
  "environments": [
    "AzureCloud"
  ],
  "tags": {
    "subscriptionType": "Azure4Student",
    "cost": "$0",
    "os": "serverless",
    "resource": "appServices, Function",
    "level": "Begginer"
  }
}
