{
    "$schema": "https://schema.management.azure.com/schemas/2019-04-01/deploymentTemplate.json#",
    "contentVersion": "1.0.0.0",
    "parameters": {
        "frontDoorName": {
            "type": "string",
            "metadata": {
                "description": "The name of the frontdoor resource."
            }
        },
        "backendAddress": {
            "type": "string",
            "metadata": {
                "description": "The hostname of the backend. Must be an IP address or FQDN."
            }
        },
        "sessionAffinityEnabledState": {
            "type": "string",
            "allowedValues": [
                "Enabled",
                "Disabled"
            ],
            "metadata": {
                "description": "Whether to allow session affinity on this host. Valid options are 'Enabled' or 'Disabled'."
            }
        },
        "sessionAffinityTtlSeconds": {
            "type": "int",
            "metadata": {
                "description": "The TTL to use in seconds for session affinity, if applicable."
            }
        }
    },
    "variables": {
        "frontdoorLocation": "global",
        "frontDoorSuffix": "[if(equals(toLower(environment().name), 'azureusgovernment'), 'azurefd.us', environment().suffixes.azureFrontDoorEndpointSuffix)]",
        "frontDoorHostName": "[concat(toLower(parameters('frontDoorName')), '.', variables('frontDoorSuffix'))]"
    },
    "resources": [
        {
            "apiVersion": "2020-07-01",
            "type": "Microsoft.Network/frontDoors",
            "name": "[parameters('frontDoorName')]",
            "location": "[variables('frontdoorLocation')]",
            "properties": {
                "routingRules": [
                    {
                        "name": "routingRule1",
                        "properties": {
                            "frontendEndpoints": [
                                {
                                    "id": "[resourceId('Microsoft.Network/frontDoors/frontendEndpoints', parameters('frontDoorName'),'frontendEndpoint1')]"
                                }
                            ],
                            "acceptedProtocols": [
                                "Http"
                            ],
                            "patternsToMatch": [
                                "/*"
                            ],
                            "routeConfiguration": {
                                "@odata.type": "#Microsoft.Azure.FrontDoor.Models.FrontdoorForwardingConfiguration",
                                "forwardingProtocol": "MatchRequest",
                                "backendPool": {
                                    "id": "[resourceId('Microsoft.Network/frontDoors/backendPools', parameters('frontDoorName'),'backendPool1')]"
                                }  
                            },                                                          
                            "enabledState": "Enabled"
                        }
                    }
                ],
                "healthProbeSettings": [
                    {
                        "name": "healthProbeSettings1",
                        "properties": {
                            "path": "/",
                            "protocol": "Http",
                            "intervalInSeconds": 120
                        }
                    }
                ],
                "loadBalancingSettings": [
                    {
                        "name": "loadBalancingSettings1",
                        "properties": {
                            "sampleSize": 4,
                            "successfulSamplesRequired": 2
                        }
                    }
                ],
                "backendPools": [
                    {
                        "name": "backendPool1",
                        "properties": {
                            "backends": [
                                {
                                    "address": "[parameters('backendAddress')]",
                                    "httpPort": 80,
                                    "httpsPort": 443,
                                    "weight": 50,
                                    "priority": 1,
                                    "enabledState": "Enabled"
                                }
                            ],
                            "loadBalancingSettings": {
                                "id": "[resourceId('Microsoft.Network/frontDoors/loadBalancingSettings', parameters('frontDoorName'),'loadBalancingSettings1')]"
                            },
                            "healthProbeSettings": {
                                "id": "[resourceId('Microsoft.Network/frontDoors/healthProbeSettings', parameters('frontDoorName'),'healthProbeSettings1')]"
                            }
                        }
                    }
                ],
                "frontendEndpoints": [
                    {
                        "name": "frontendEndpoint1",
                        "properties": {
                            "hostName": "[variables('frontDoorHostName')]",
                            "sessionAffinityEnabledState": "[parameters('sessionAffinityEnabledState')]",
                            "sessionAffinityTtlSeconds": "[parameters('sessionAffinityTtlSeconds')]"
                        }
                    }
                ],
                "enabledState": "Enabled"
            }
        }
    ],
    "outputs": {}
}
