{
  "$schema": "https://aka.ms/azure-quickstart-templates-metadata-schema#",
  "type": "QuickStart",
  "itemDisplayName": "Configure Session Affinity for your Front Door host names",
  "description": "This template updates a Front Door to enable session affinity for your frontend host, thereby, sending subsequent traffic from the same user session to the same backend.",
  "summary": "This template updates a Front Door to enable session affinity for your frontend host, thereby, sending subsequent traffic from the same user session to the same backend.",
  "githubUsername": "victorar",
  "dateUpdated": "2021-06-08"
}