{
    "$schema": "https://schema.management.azure.com/schemas/2019-04-01/deploymentParameters.json#",
    "contentVersion": "1.0.0.0",
    "parameters": {
        "virtualNetworkName": {
            "value": "ERVnet"
        },
        "gatewayPublicIPName": {
            "value": "ERGwPIP"
        },
        "gatewayName": {
            "value": "ERGw"
        },
        "addressPrefix": {
            "value": "192.188.0.0/24"
        },
        "subnetName":{
            "value": "Subnet1"
        },
        "subnetPrefix": {
            "value": "192.188.0.0/27"
        },
        "gatewaySubnetPrefix": {
            "value": "192.188.0.32/27"
        },
        "connectionName": {
            "value": "ERConnection"
        },
        "circuitName": {
            "value": "TestCircuit"
        }
    }
}
