{
  "$schema": "https://aka.ms/azure-quickstart-templates-metadata-schema#",
  "type": "QuickStart",
  "environments": [
    "AzureCloud"
  ],
  "itemDisplayName": "Testing environment for Azure Firewall Premium",
  "description": "This template creates an Azure Firewall Premium and Firewall Policy with premium features such as Intrusion Inspection Detection (IDPS), TLS inspection and Web Category filtering",
  "summary": "Create Testing environment for Firewall Premium (IDPS,TLS Inspection,Web Categories)",
  "githubUsername": "gersner",
  "dateUpdated": "2021-05-11"
}