{
    "$schema": "https://schema.management.azure.com/schemas/2019-04-01/deploymentTemplate.json#",
    "contentVersion": "1.0.0.0",
    "parameters": {
        "projectName": {
            "type": "string",
            "metadata": {
                "description": "Specifies a project name that is used for generating resource names."
            }
        },
        "location": {
            "type": "string",
            "defaultValue": "[resourceGroup().location]",
            "metadata": {
                "description": "Specifies the location for all of the resources created by this template."
            }
        },
        "adminUsername": {
            "type": "string",
            "metadata": {
                "description": "Specifies the virtual machine administrator username."
            }
        },
        "adminPassword": {
            "type": "securestring",
            "metadata": {
                "description": "Specifies the virtual machine administrator password."
            }
        },
        "vmSize": {
            "type": "string",
            "defaultValue": "Standard_D2s_v3",
            "metadata": {
                "description": "Size of the virtual machine"
            }
        }
    },
    "variables": {
        "lbName": "[concat(parameters('projectName'),'-lb')]",
        "lbSkuName": "Standard",
        "lbPublicIpAddressName": "[concat(parameters('projectName'),'-lbPublicIP')]",
        "lbPublicIPAddressNameOutbound": "[concat(parameters('projectName'),'-lbPublicIPOutbound')]",
        "lbFrontEndName": "LoadBalancerFrontEnd",
        "lbFrontEndNameOutbound": "LoadBalancerFrontEndOutbound",
        "lbBackendPoolName": "LoadBalancerBackEndPool",
        "lbBackendPoolNameOutbound": "LoadBalancerBackEndPoolOutbound",
        "lbProbeName": "loadBalancerHealthProbe",
        "nsgName": "[concat(parameters('projectName'),'-nsg')]",
        "vNetName": "[concat(parameters('projectName'),'-vnet')]",
        "vNetAddressPrefix": "10.0.0.0/16",
        "vNetSubnetName": "BackendSubnet",
        "vNetSubnetAddressPrefix": "10.0.0.0/24",
        "bastionName": "[concat(parameters('projectName'),'-bastion')]",
        "bastionSubnetName": "AzureBastionSubnet",
        "vNetBastionSubnetAddressPrefix": "10.0.1.0/24",
        "bastionPublicIPAddressName": "[concat(parameters('projectName'),'-bastionPublicIP')]",
        "vmStorageAccountType": "Premium_LRS"
    },
    "resources": [
        {
            "type": "Microsoft.Network/networkInterfaces",
            "apiVersion": "2020-06-01",
            "name": "[concat(parameters('projectName'),'-vm', copyIndex(1), '-networkInterface')]",
            "location": "[parameters('location')]",
            "copy": {
                "name": "networkInterfaceCopy",
                "count": 3
            },
            "dependsOn": [
                "[resourceId('Microsoft.Network/virtualNetworks', variables('vNetName'))]",
                "[resourceId('Microsoft.Network/virtualNetworks/subnets', variables('vNetName'), variables('vNetSubnetName'))]",
                "[resourceId('Microsoft.Network/loadBalancers', variables('lbName'))]",
                "[resourceId('Microsoft.Network/networkSecurityGroups', variables('nsgName'))]"
            ],
            "properties": {
                "ipConfigurations": [
                    {
                        "name": "ipconfig1",
                        "properties": {
                            "privateIPAllocationMethod": "Dynamic",
                            "subnet": {
                                "id": "[resourceId('Microsoft.Network/virtualNetworks/subnets', variables('vNetName'), variables('vNetSubnetName'))]"
                            },
                            "loadBalancerBackendAddressPools": [
                                {
                                    "id": "[resourceId('Microsoft.Network/loadBalancers/backendAddressPools', variables('lbName'), variables('lbBackendPoolName'))]"
                                },
                                {
                                    "id": "[resourceId('Microsoft.Network/loadBalancers/backendAddressPools', variables('lbName'), variables('lbBackendPoolNameOutbound'))]"
                                }
                            ]
                        }
                    }
                ],
                "networkSecurityGroup": {
                    "id": "[resourceId('Microsoft.Network/networkSecurityGroups', variables('nsgName'))]"
                }
            }
        },
        {
            "type": "Microsoft.Compute/virtualMachines/extensions",
            "apiVersion": "2020-06-01",
            "name": "[concat(parameters('projectName'),'-vm', copyIndex(1), '/', 'InstallWebServer')]",
            "location": "[parameters('location')]",
            "copy": {
                "name": "extensionCopy",
                "count": 3
            },
            "dependsOn": [
                "vmCopy"
            ],
            "properties": {
                "publisher": "Microsoft.Compute",
                "type": "CustomScriptExtension",
                "typeHandlerVersion": "1.7",
                "autoUpgradeMinorVersion": true,
                "settings": {
                    "commandToExecute": "powershell.exe Install-WindowsFeature -name Web-Server -IncludeManagementTools && powershell.exe remove-item 'C:\\inetpub\\wwwroot\\iisstart.htm' && powershell.exe Add-Content -Path 'C:\\inetpub\\wwwroot\\iisstart.htm' -Value $('Hello World from ' + $env:computername)"
                }
            }
        },
        {
            "type": "Microsoft.Compute/virtualMachines",
            "apiVersion": "2020-06-01",
            "name": "[concat(parameters('projectName'),'-vm', copyIndex(1))]",
            "location": "[parameters('location')]",
            "zones": [
                "[copyIndex(1)]"
            ],
            "copy": {
                "name": "vmCopy",
                "count": 3
            },
            "dependsOn": [
                "networkInterfaceCopy"
            ],
            "properties": {
                "hardwareProfile": {
                    "vmSize": "[parameters('vmSize')]"
                },
                "storageProfile": {
                    "imageReference": {
                        "publisher": "MicrosoftWindowsServer",
                        "offer": "WindowsServer",
                        "sku": "2019-Datacenter",
                        "version": "latest"
                    },
                    "osDisk": {
                        "createOption": "fromImage",
                        "managedDisk": {
                            "storageAccountType": "[variables('vmStorageAccountType')]"
                        }
                    }
                },
                "networkProfile": {
                    "networkInterfaces": [
                        {
                            "id": "[resourceId('Microsoft.Network/networkInterfaces', concat(parameters('projectName'),'-vm', copyIndex(1), '-networkInterface'))]"
                        }
                    ]
                },
                "osProfile": {
                    "computerName": "[concat(parameters('projectName'),'-vm', copyIndex(1))]",
                    "adminUsername": "[parameters('adminUsername')]",
                    "adminPassword": "[parameters('adminPassword')]",
                    "windowsConfiguration": {
                        "enableAutomaticUpdates": true,
                        "provisionVmAgent": true
                    }
                }
            }
        },
        {
            "type": "Microsoft.Network/virtualNetworks/subnets",
            "apiVersion": "2020-06-01",
            "location": "[parameters('location')]",
            "name": "[concat(variables('vNetName'), '/' ,variables('bastionSubnetName'))]",
            "dependsOn": [
                "[resourceId('Microsoft.Network/virtualNetworks', variables('vNetName'))]"
            ],
            "properties": {
                "addressPrefix": "[variables('vNetBastionSubnetAddressPrefix')]"
            }
        },
        {
            "type": "Microsoft.Network/virtualNetworks/subnets",
            "apiVersion": "2020-06-01",
            "location": "[parameters('location')]",
            "name": "[concat(variables('vNetName'), '/' ,variables('vNetSubnetName'))]",
            "dependsOn": [
                "[resourceId('Microsoft.Network/virtualNetworks', variables('vNetName'))]"
            ],
            "properties": {
                "addressPrefix": "[variables('vNetSubnetAddressPrefix')]"
            }
        },
        {
            "type": "Microsoft.Network/bastionHosts",
            "apiVersion": "2020-05-01",
            "name": "[variables('bastionName')]",
            "location": "[parameters('location')]",
            "dependsOn": [
                "[resourceId('Microsoft.Network/publicIPAddresses', variables('bastionPublicIPAddressName'))]",
                "[resourceId('Microsoft.Network/virtualNetworks', variables('vNetName'))]",
                "[resourceId('Microsoft.Network/virtualNetworks/subnets', variables('vNetName'), variables('bastionSubnetName'))]"
            ],
            "properties": {
                "ipConfigurations": [
                    {
                        "name": "IpConf",
                        "properties": {
                            "privateIPAllocationMethod": "Dynamic",
                            "publicIPAddress": {
                                "id": "[resourceId('Microsoft.Network/publicIPAddresses', variables('bastionPublicIPAddressName'))]"
                            },
                            "subnet": {
                                "id": "[resourceId('Microsoft.Network/virtualNetworks/subnets', variables('vNetName'), variables('bastionSubnetName'))]"
                            }
                        }
                    }
                ]
            }
        },
        {
            "type": "Microsoft.Network/publicIPAddresses",
            "apiVersion": "2020-06-01",
            "name": "[variables('bastionPublicIPAddressName')]",
            "location": "[parameters('location')]",
            "sku": {
                "name": "[variables('lbSkuName')]"
            },
            "properties": {
                "publicIPAddressVersion": "IPv4",
                "publicIPAllocationMethod": "Static"
            }
        },
        {
            "type": "Microsoft.Network/loadBalancers",
            "apiVersion": "2020-06-01",
            "name": "[variables('lbName')]",
            "location": "[parameters('location')]",
            "sku": {
                "name": "[variables('lbSkuName')]"
            },
            "dependsOn": [
                "[resourceId('Microsoft.Network/publicIPAddresses', variables('lbPublicIpAddressName'))]",
                "[resourceId('Microsoft.Network/publicIPAddresses', variables('lbPublicIpAddressNameOutbound'))]"
            ],
            "properties": {
                "frontendIPConfigurations": [
                    {
                        "name": "[variables('lbFrontEndName')]",
                        "properties": {
                            "publicIPAddress": {
                                "id": "[resourceId('Microsoft.Network/publicIPAddresses',variables('lbPublicIpAddressName'))]"
                            }
                        }
                    },
                    {
                        "name": "[variables('lbFrontEndNameOutbound')]",
                        "properties": {
                            "publicIPAddress": {
                                "id": "[resourceId('Microsoft.Network/publicIPAddresses',variables('lbPublicIpAddressNameOutbound'))]"
                            }
                        }
                    }
                ],
                "backendAddressPools": [
                    {
                        "name": "[variables('lbBackendPoolName')]"
                    },
                    {
                        "name": "[variables('lbBackendPoolNameOutbound')]"
                    }
                ],
                "loadBalancingRules": [
                    {
                        "name": "myHTTPRule",
                        "properties": {
                            "frontendIPConfiguration": {
                                "id": "[resourceId('Microsoft.Network/loadBalancers/frontendIPConfigurations', variables('lbName'), variables('lbFrontEndName'))]"
                            },
                            "backendAddressPool": {
                                "id": "[resourceId('Microsoft.Network/loadBalancers/backendAddressPools', variables('lbName'), variables('lbBackendPoolName'))]"
                            },
                            "frontendPort": 80,
                            "backendPort": 80,
                            "enableFloatingIP": false,
                            "idleTimeoutInMinutes": 15,
                            "protocol": "Tcp",
                            "enableTcpReset": true,
                            "loadDistribution": "Default",
                            "disableOutboundSnat": true,
                            "probe": {
                                "id": "[resourceId('Microsoft.Network/loadBalancers/probes', variables('lbName'), variables('lbProbeName'))]"
                            }
                        }
                    }
                ],
                "probes": [
                    {
                        "name": "[variables('lbProbeName')]",
                        "properties": {
                            "protocol": "Http",
                            "port": 80,
                            "requestPath": "/",
                            "intervalInSeconds": 5,
                            "numberOfProbes": 2
                        }
                    }
                ],
                "outboundRules": [
                    {
                        "name": "myOutboundRule",
                        "properties": {
                            "allocatedOutboundPorts": 10000,
                            "protocol": "All",
                            "enableTcpReset": false,
                            "idleTimeoutInMinutes": 15,
                            "backendAddressPool": {
                                "id": "[resourceId('Microsoft.Network/loadBalancers/backendAddressPools', variables('lbName'), variables('lbBackendPoolNameOutbound'))]"
                            },
                            "frontendIPConfigurations": [
                                {
                                    "id": "[resourceId('Microsoft.Network/loadBalancers/frontendIPConfigurations', variables('lbName'), variables('lbFrontEndNameOutbound'))]"
                                }
                            ]
                        }
                    }
                ]
            }
        },
        {
            "type": "Microsoft.Network/publicIPAddresses",
            "apiVersion": "2020-06-01",
            "name": "[variables('lbPublicIPAddressName')]",
            "location": "[parameters('location')]",
            "sku": {
                "name": "[variables('lbSkuName')]"
            },
            "properties": {
                "publicIPAddressVersion": "IPv4",
                "publicIPAllocationMethod": "Static"
            }
        },
        {
            "type": "Microsoft.Network/publicIPAddresses",
            "apiVersion": "2020-06-01",
            "name": "[variables('lbPublicIPAddressNameOutbound')]",
            "location": "[parameters('location')]",
            "sku": {
                "name": "[variables('lbSkuName')]"
            },
            "properties": {
                "publicIPAddressVersion": "IPv4",
                "publicIPAllocationMethod": "Static"
            }
        },
        {
            "type": "Microsoft.Network/networkSecurityGroups",
            "apiVersion": "2020-06-01",
            "name": "[variables('nsgName')]",
            "location": "[parameters('location')]",
            "properties": {
                "securityRules": [
                    {
                        "name": "AllowHTTPInbound",
                        "properties": {
                            "protocol": "*",
                            "sourcePortRange": "*",
                            "destinationPortRange": "80",
                            "sourceAddressPrefix": "Internet",
                            "destinationAddressPrefix": "*",
                            "access": "Allow",
                            "priority": 100,
                            "direction": "Inbound"
                        }
                    }
                ]
            }
        },
        {
            "type": "Microsoft.Network/virtualNetworks",
            "apiVersion": "2020-06-01",
            "name": "[variables('vNetName')]",
            "location": "[parameters('location')]",
            "properties": {
                "addressSpace": {
                    "addressPrefixes": [
                        "[variables('vNetAddressPrefix')]"
                    ]
                }
            }
        }
    ]
}

