{
  "$schema": "https://aka.ms/azure-quickstart-templates-metadata-schema#",
  "type": "QuickStart",
  "itemDisplayName": "Create a standard load-balancer",
  "description": "This template creates an Internet-facing load-balancer, load balancing rules, and three VMs for the backend pool with each VM in a redundant zone.",
  "summary": "Create an Internet-facing standard load-balancer with three VMs",
  "githubUsername": "mumian",
  "docOwner": "asudbring",
  "dateUpdated": "2021-05-11",
  "environments": [
    "AzureCloud"
  ]
}