{
  "$schema": "https://aka.ms/azure-quickstart-templates-metadata-schema#",
  "type": "QuickStart",
  "itemDisplayName": "Create a sandbox setup of Azure Firewall with Linux VMs",
  "description": "This template creates a virtual network with 3 subnets (server subnet, jumpbox subet and AzureFirewall subnet), a jumpbox VM with public IP, A server VM, UDR route to point to Azure Firewall for the Server Subnet and an Azure Firewall with 1 or more Public IP addresses, 1 sample application rule, 1 sample network rule and default private ranges",
  "summary": "Create a sandbox setup of Azure Firewall with Linux jumpbox and Linux server",
  "githubUsername": "iatodoro",
  "dateUpdated": "2021-05-13",
  "environments": [
    "AzureCloud"
  ]
}