{
  "$schema": "https://aka.ms/azure-quickstart-templates-metadata-schema#",
  "type": "QuickStart",
  "itemDisplayName": "Azure Traffic Manager external endpoint example",
  "description": "This template shows how to create an Azure Traffic Manager profile using external endpoints.",
  "summary": "This template creates an Azure Traffic Manager profile using external endpoints.",
  "githubUsername": "rohinkoul",
  "docOwner": "duongau",
  "dateUpdated": "2021-05-12",
  "environments": [
    "AzureCloud"
  ]
}