{
    "$schema": "https://schema.management.azure.com/schemas/2019-04-01/deploymentTemplate.json#",
    "contentVersion": "1.0.0.0",
    "parameters": {
        "location" : {
            "type": "string",
            "defaultValue": "[resourceGroup().location]",
            "metadata": {
                "description": "Resource Location"
            }
        },
        "vpnGateway_Name": {
            "type": "string",
            "metadata": {
                "description": "Name of existing Virtual Network Gateway to deploy the connection to"
            }
        },
        "localGateway_Name": {
            "type": "string",
            "metadata": {
                "description": "Name of existing Local Network Gateway to deploy the connection to"
            }
        },
        "vpnName": {
            "type": "string",
            "defaultValue": "Azure-to-OnPremises",
            "metadata": {
                "description": "Name of the VPN connection between Azure and On-Premises (ex: AzureUKS-to-LDN)"
            }
        },
        "vpnProtocol": {
            "type": "string",
            "defaultValue": "IKEv2",
            "allowedValues": [
                "IKEv1",
                "IKEv2"
            ],
            "metadata": {
                "description": "Protocol utilised by the VPN Connection (IKEv1, IKEv2)"
            }
        },
        "saLifeTimeSeconds": {
            "type": "int",
            "defaultValue": 3600,
            "metadata": {
                "description": "Security Association Lifetime (Seconds)"
            }
        },
        "saDataSizeKilobytes": {
            "type": "int",
            "defaultValue": 1024000000,
            "metadata": {
                "description": "Security Association Data Size (KB)"
            }
        },
        "ipsecEncryption": {
            "type": "string",
            "defaultValue": "AES256",
            "allowedValues": [
                "None",
                "DES",
                "DES3",
                "AES128",
                "AES192",
                "AES256",
                "GCMAES128",
                "GCMAES192",
                "GCMAES256"
            ],
            "metadata": {
                "description": "IPSec Encryption"
            }
        },
        "ipsecIntegrity": {
            "type": "string",
            "defaultValue": "SHA256",
            "allowedValues": [
                "MD5",
                "SHA1",
                "SHA256",
                "GCMAES128",
                "GCMAES192",
                "GCMAES256"
            ],
            "metadata": {
                "description": "IPSec Integrity"
            }
        },
        "ikeEncryption": {
            "type": "string",
            "defaultValue": "AES256",
            "allowedValues": [
                "DES",
                "DES3",
                "AES128",
                "AES192",
                "AES256",
                "GCMAES256",
                "GCMAES128"
            ],
            "metadata": {
                "description": "IKE Encryption"
            }
        },
        "ikeIntegrity": {
            "type": "string",
            "defaultValue": "SHA256",
            "allowedValues": [
                "MD5",
                "SHA1",
                "SHA256",
                "SHA384",
                "GCMAES256",
                "GCMAES128"
            ],
            "metadata": {
                "description": "IKE Integrity"
            }
        },
        "dhGroup": {
            "type": "string",
            "defaultValue": "DHGroup14",
            "allowedValues": [
                "None",
                "DHGroup1",
                "DHGroup2",
                "DHGroup14",
                "DHGroup2048",
                "ECP256",
                "ECP384",
                "DHGroup24"
            ],
            "metadata": {
                "description": "Diffie-Hellman Group"
            }
        },
        "pfsGroup": {
            "type": "string",
            "defaultValue": "PFS14",
            "allowedValues": [
                "None",
                "PFS1",
                "PFS2",
                "PFS2048",
                "ECP256",
                "ECP384",
                "PFS24",
                "PFS14",
                "PFSMM"
            ],
            "metadata": {
                "description": "Perfect Forward Secrecy Group"
            }
        },
        "sharedKey": {
            "type": "securestring",
            "metadata": {
                "description": "Pre-Shared Key"
            }
        },
        "policyBasedTrafficSelectors": {
            "type": "bool",
            "defaultValue": false,
            "allowedValues": [
                true,
                false
            ],
            "metadata": {
                "description": "Enable this if the OnPremises VPN endpoint needs to be configured as a Policy-Based VPN"
            }
        }
    },
    "variables": {},
    "resources": [
        {
            "type": "Microsoft.Network/connections",
            "apiVersion": "2020-04-01",
            "name": "[parameters('vpnName')]",
            "location": "[parameters('location')]",
            "properties": {
                "virtualNetworkGateway1": {
                    "id": "[resourceId('Microsoft.Network/virtualNetworkGateways', parameters('vpnGateway_Name'))]"
                },
                "localNetworkGateway2": {
                    "id": "[resourceId('Microsoft.Network/localNetworkGateways', parameters('localGateway_Name'))]"
                },
                "connectionType": "IPsec",
                "connectionProtocol": "[parameters('vpnProtocol')]",
                "sharedKey": "[parameters('sharedKey')]",
                "usePolicyBasedTrafficSelectors": "[parameters('policyBasedTrafficSelectors')]",
                "ipsecPolicies": [
                    {
                        "saLifeTimeSeconds": "[parameters('saLifeTimeSeconds')]",
                        "saDataSizeKilobytes": "[parameters('saDataSizeKilobytes')]",
                        "ipsecEncryption": "[parameters('ipsecEncryption')]",
                        "ipsecIntegrity": "[parameters('ipsecIntegrity')]",
                        "ikeEncryption": "[parameters('iKEEncryption')]",
                        "ikeIntegrity": "[parameters('ikeIntegrity')]",
                        "dhGroup": "[parameters('dhGroup')]",
                        "pfsGroup": "[parameters('pfsGroup')]"
                    }
                ]
            }
        }
    ]
}
