{
  "$schema": "https://aka.ms/azure-quickstart-templates-metadata-schema#",
  "itemDisplayName": "VPN Custom IPSec Policy",
  "description": "This custom IPSec Policy allows more granular configuration of the IKE Parameters.  This allows you to deploy a site-to-site VPN Policy to support specific settings on your VPN Endpoit Device.",
  "summary": "This template deploys a Custom IPSec Policy to an existing VPN Gateway.",
  "githubUsername": "NathanMcGee",
  "dateUpdated": "2021-05-03",
  "type": "QuickStart"
}