﻿<?xml version="1.0" encoding="UTF-8"?><?xml-stylesheet type='text/xsl' href='_UpgradeReport_Files/UpgradeReport.xslt'?><UpgradeLog>
<Properties><Property Name="Solution" Value="Book_Store">
</Property><Property Name="Solution File" Value="C:\Bookstore\BookStore.NET\Book_Store.sln">
</Property><Property Name="Date" Value="שבת 06 ינואר 2007">
</Property><Property Name="Time" Value="21:59:18">
</Property></Properties><Event ErrorLevel="1" Project="Book_Store.csproj" Source=" Book_Store.csproj:(Warning List)" Description="Warning: An extra class 'PagingData' has been found in code-behind file 'CCPager.cs'. New file 'CCPager_cs_PagingData.cs' has been created for this class and moved to the 'App_Code\Migrated' folder.    CCPager.cs (Line 22)&#xA;">
</Event><Event ErrorLevel="1" Project="Book_Store.csproj" Source=" Book_Store.csproj:(Warning List)" Description="Warning: This web project was converted as a file-based web application. If your site contained any IIS meta-information, e.g. sub-folders marked as virtual directories, it is recommended that you close this web site and re-open it using the Open Web Site command and selecting the Local IIS tab.&#xA;">
</Event><Event ErrorLevel="0" Project="Book_Store.csproj" Source="Book_Store.csproj" Description="Converted.&#xA;There may be some unresolved conversion issues you will need to manually fix. For more information, please refer to http://go.microsoft.com/fwlink/?LinkId=46995 or search for the help topic &quot;Converting from Visual Studio .NET 2002 or 2003&quot;.">
</Event><Event ErrorLevel="3" Project="Book_Store.csproj" Source="Book_Store.csproj" Description="Converted">
</Event></UpgradeLog>