{
  "$schema": "https://aka.ms/azure-quickstart-templates-metadata-schema#",
  "type": "QuickStart",
  "environments": [
    "AzureCloud"
  ],
  "itemDisplayName": "Create a Firewall with FirewallPolicy and IpGroups",
  "description": "This template creates an Azure Firewall with FirewalllPolicy referencing Network Rules with IpGroups. Also, includes a Linux Jumpbox vm setup",
  "summary": "Create an Azure Firewall with Firewall Policy and IpGroups",
  "githubUsername": "ssripadham",
  "dateUpdated": "2021-05-13"
}