{
  "$schema": "https://schema.management.azure.com/schemas/2019-04-01/deploymentTemplate.json#",
  "contentVersion": "1.0.0.0",
  "parameters": {
    "vpnType": {
      "type": "string",
      "metadata": {
        "description": "Route based or policy based"
      },
      "defaultValue": "RouteBased",
      "allowedValues": [
        "RouteBased",
        "PolicyBased"
      ]
    },
    "localGatewayName": {
      "type": "string",
      "defaultValue": "localGateway",
      "metadata": {
        "description": "Arbitrary name for gateway resource representing"
      }
    },
    "localGatewayIpAddress": {
      "type": "string",
      "defaultValue": "1.1.1.1",
      "metadata": {
        "description": "Public IP of your StrongSwan Instance"
      }
    },
    "localAddressPrefix": {
      "type": "array",
      "defaultValue": [
        "192.168.0.0/16",
        "172.16.0.0/12"
      ],
      "metadata": {
        "description": "CIDR block representing the address space of the OnPremise VPN network's Subnet"
      }
    },
    "virtualNetworkName": {
      "type": "string",
      "defaultValue": "azureVnet",
      "metadata": {
        "description": "Arbitrary name for the Azure Virtual Network"
      }
    },
    "azureVNetAddressPrefix": {
      "type": "string",
      "defaultValue": "10.3.0.0/16",
      "metadata": {
        "description": "CIDR block representing the address space of the Azure VNet"
      }
    },
    "subnetName": {
      "type": "string",
      "defaultValue": "Subnet1",
      "metadata": {
        "description": "Arbitrary name for the Azure Subnet"
      }
    },
    "subnetPrefix": {
      "type": "string",
      "defaultValue": "10.3.1.0/24",
      "metadata": {
        "description": "CIDR block for VM subnet, subset of azureVNetAddressPrefix address space"
      }
    },
    "gatewaySubnetPrefix": {
      "type": "string",
      "defaultValue": "10.3.200.0/29",
      "metadata": {
        "description": "CIDR block for gateway subnet, subset of azureVNetAddressPrefix address space"
      }
    },
    "gatewayPublicIPName": {
      "type": "string",
      "defaultValue": "azureGatewayIP",
      "metadata": {
        "description": "Arbitrary name for public IP resource used for the new azure gateway"
      }
    },
    "gatewayName": {
      "type": "string",
      "defaultValue": "azureGateway",
      "metadata": {
        "description": "Arbitrary name for the new gateway"
      }
    },
    "gatewaySku": {
      "type": "string",
      "defaultValue": "Basic",
      "allowedValues": [
        "Basic",
        "Standard",
        "HighPerformance"
      ],
      "metadata": {
        "description": "The Sku of the Gateway. This must be one of Basic, Standard or HighPerformance."
      }
    },
    "connectionName": {
      "type": "string",
      "defaultValue": "Azure2Other",
      "metadata": {
        "description": "Arbitrary name for the new connection between Azure VNet and other network"
      }
    },
    "sharedKey": {
      "type": "securestring",
      "metadata": {
        "description": "Shared key (PSK) for IPSec tunnel"
      }
    },
    "location": {
      "type": "string",
      "defaultValue": "[resourceGroup().location]"
    }
  },
  "variables": {
    "gatewaySubnetRef": "[resourceId('Microsoft.Network/virtualNetworks/subnets/', parameters('virtualNetworkName'),'GatewaySubnet')]"
  },
  "resources": [
    {
      "apiVersion": "2020-08-01",
      "type": "Microsoft.Network/localNetworkGateways",
      "name": "[parameters('localGatewayName')]",
      "location": "[parameters('location')]",
      "properties": {
        "localNetworkAddressSpace": {
          "addressPrefixes": "[parameters('localAddressPrefix')]"
        },
        "gatewayIpAddress": "[parameters('localGatewayIpAddress')]"
      }
    },
    {
      "apiVersion": "2020-07-01",
      "name": "[parameters('connectionName')]",
      "type": "Microsoft.Network/connections",
      "location": "[parameters('location')]",
      "dependsOn": [
        "[resourceId('Microsoft.Network/virtualNetworkGateways/', parameters('gatewayName'))]",
        "[resourceId('Microsoft.Network/localNetworkGateways/', parameters('localGatewayName'))]"
      ],
      "properties": {
        "virtualNetworkGateway1": {
          "id": "[resourceId('Microsoft.Network/virtualNetworkGateways', parameters('gatewayName'))]"
        },
        "localNetworkGateway2": {
          "id": "[resourceId('Microsoft.Network/localNetworkGateways', parameters('localGatewayName'))]"
        },
        "connectionType": "IPsec",
        "routingWeight": 10,
        "sharedKey": "[parameters('sharedKey')]"
      }
    },
    {
      "apiVersion": "2015-06-15",
      "type": "Microsoft.Network/virtualNetworks",
      "name": "[parameters('virtualNetworkName')]",
      "location": "[parameters('location')]",
      "properties": {
        "addressSpace": {
          "addressPrefixes": [
            "[parameters('azureVNetAddressPrefix')]"
          ]
        },
        "subnets": [
          {
            "name": "[parameters('subnetName')]",
            "properties": {
              "addressPrefix": "[parameters('subnetPrefix')]"
            }
          },
          {
            "name": "GatewaySubnet",
            "properties": {
              "addressPrefix": "[parameters('gatewaySubnetPrefix')]"
            }
          }
        ]
      }
    },
    {
      "apiVersion": "2015-06-15",
      "type": "Microsoft.Network/publicIPAddresses",
      "name": "[parameters('gatewayPublicIPName')]",
      "location": "[parameters('location')]",
      "properties": {
        "publicIPAllocationMethod": "Dynamic"
      }
    },
    {
      "apiVersion": "2015-06-15",
      "type": "Microsoft.Network/virtualNetworkGateways",
      "name": "[parameters('gatewayName')]",
      "location": "[parameters('location')]",
      "dependsOn": [
        "[resourceId('Microsoft.Network/publicIPAddresses/', parameters('gatewayPublicIPName'))]",
        "[resourceId('Microsoft.Network/virtualNetworks/', parameters('virtualNetworkName'))]"
      ],
      "properties": {
        "ipConfigurations": [
          {
            "properties": {
              "privateIPAllocationMethod": "Dynamic",
              "subnet": {
                "id": "[variables('gatewaySubnetRef')]"
              },
              "publicIPAddress": {
                "id": "[resourceId('Microsoft.Network/publicIPAddresses',parameters('gatewayPublicIPName'))]"
              }
            },
            "name": "vnetGatewayConfig"
          }
        ],
        "sku": {
          "name": "[parameters('gatewaySku')]",
          "tier": "[parameters('gatewaySku')]"
        },
        "gatewayType": "Vpn",
        "vpnType": "[parameters('vpnType')]",
        "enableBgp": "false"
      }
    }
  ]
}
