{
    "$schema": "https://schema.management.azure.com/schemas/2019-04-01/deploymentParameters.json#",
    "contentVersion": "1.0.0.0",
    "parameters": {
        "vpnType": {
            "value": "RouteBased"
        },
        "localGatewayName": {
            "value": "localGateway"
        },
        "localGatewayIpAddress": {
            "value": "1.1.1.1"
        },
        "localAddressPrefix": {
            "value": [ "192.168.0.0/16", "172.16.0.0/12" ] 
        },
        "virtualNetworkName": {
            "value": "azureVnet"
        },
        "azureVNetAddressPrefix": {
              "value": "10.3.0.0/16"
        },
        "subnetName": {
            "value": "Subnet1"
        },
        "subnetPrefix": {
             "value": "10.3.1.0/24"
        },
        "gatewaySubnetPrefix": {
             "value": "10.3.200.0/29"
        },
        "gatewayPublicIPName": {
            "value": "azureGatewayIP"
        },
        "gatewayName": {
            "value": "azureGateway"
        },
        "connectionName": {
            "value": "Azure2Other"
        },
        "sharedKey": {
            "value": "GEN-UNIQUE"
        }
    }
}
