{
  "$schema": "https://schema.management.azure.com/schemas/2019-04-01/deploymentTemplate.json#",
  "contentVersion": "1.0.0.0",
  "parameters": {
    "newZoneName": {
      "type": "string",
      "defaultValue": "[concat(uniqueString(resourceGroup().id), '.azurequickstart.org')]",
      "metadata": {
        "description": "The name of the DNS zone to be created.  Must have at least 2 segements, e.g. hostname.org"
      }
    },
    "newRecordName": {
      "type": "string",
      "defaultValue": "www",
      "metadata": {
        "description": "The name of the DNS record to be created.  The name is relative to the zone, not the FQDN."
      }
    }
  },
  "resources": [
    {
      "type": "Microsoft.Network/dnsZones",
      "apiVersion": "2018-05-01",
      "name": "[parameters('newZoneName')]",
      "location": "global"
    },
    {
      "type": "Microsoft.Network/dnsZones/A",
      "apiVersion": "2018-05-01",
      "name": "[concat(parameters('newZoneName'), '/', parameters('newRecordName'))]",
      "location": "global",
      "dependsOn": [
        "[parameters('newZoneName')]"
      ],
      "properties": {
        "TTL": 3600,
        "ARecords": [
          {
            "ipv4Address": "1.2.3.4"
          },
          {
            "ipv4Address": "1.2.3.5"
          }
        ]
      }
    }
  ],
  "outputs": {
    "nameServers": {
      "type": "array",
      "value": "[reference(parameters('newZoneName')).nameServers]"
    }
  }
}
