{
  "$schema": "https://aka.ms/azure-quickstart-templates-metadata-schema#",
  "type": "QuickStart",
  "itemDisplayName": "Azure DNS domain hosting example",
  "description": "This template shows how to create a DNS zone within Azure DNS and how to add some record sets to it.",
  "summary": "This template creates a DNS zone within the Azure DNS resource provider.  It then creates a RecordSet containing two DNS A records within that zone.",
  "githubUsername": "GarethBradshawMSFT",
  "docOwner": "duongau",
  "dateUpdated": "2021-04-22"
}