{
  "$schema": "https://aka.ms/azure-quickstart-templates-metadata-schema#",
  "itemDisplayName": "Create an Azure Firewall with IpGroups",
  "description": "This template creates an Azure Firewall with Application and Network Rules referring to IP Groups. Also, includes a Linux Jumpbox vm setup",
  "summary": "Create an Azure Firewall with Availability Zones",
  "githubUsername": "ssripadham",
  "dateUpdated": "2021-05-11",
  "docOwner": "vhorne",
  "type": "QuickStart",
  "environments": ["AzureCloud"]
}