{
  "$schema": "https://aka.ms/azure-quickstart-templates-metadata-schema#",
  "type": "QuickStart",
  "itemDisplayName": "Create an Azure Firewall with Availability Zones",
  "description": "This template creates an Azure Firewall with Availability Zones and any number of Public IPs in a virtual network and sets up 1 sample application rule and 1 sample network rule",
  "summary": "Create an Azure Firewall with Availability Zones",
  "githubUsername": "madhusudhanravi",
  "dateUpdated": "2021-05-11",
  "environments": [
    "AzureCloud"
  ]
}