{
  "$schema": "https://schema.management.azure.com/schemas/2019-04-01/deploymentTemplate.json#",
  "contentVersion": "1.0.0.0",
  "parameters": {
    "location": {
      "type": "string",
      "defaultValue": "[resourceGroup().location]"
    }
  },
  "variables": {
    "firstVNETName": "vnet-01",
    "firstVNETPrefix": "10.0.0.0/16",
    "firstVNETFESubnetName": "subnet01",
    "firstVNETFESubnetPrefix": "10.0.1.0/24"
  },
  "resources": [
    {
      "name": "[variables('firstVNETName')]",
      "type": "Microsoft.Network/virtualNetworks",
      "location": "[parameters('location')]",
      "apiVersion": "2021-03-01",
      "tags": {
        "displayName": "firstVNET"
      },
      "properties": {
        "addressSpace": {
          "addressPrefixes": [
            "[variables('firstVNETPrefix')]"
          ]
        },
        "subnets": [
          {
            "name": "[variables('firstVNETFESubnetName')]",
            "properties": {
              "addressPrefix": "[variables('firstVNETFESubnetPrefix')]"
            }
          }
        ]
      }
    }
  ],
  "outputs": {
    "existingVNETName": {
      "type": "string",
      "value": "[variables('firstVNETName')]"
    }
  }
}
