{
  "$schema": "https://aka.ms/azure-quickstart-templates-metadata-schema#",
  "type": "QuickStart",
  "itemDisplayName": "Front Door Standard/Premium with rule set",
  "description": "This template creates a Front Door Standard/Premium (Preview) including a rule set.",
  "summary": "This template creates a Front Door Standard/Premium (Preview) including a rule set.",
  "githubUsername": "johndowns",
  "docOwner": "johndowns",
  "dateUpdated": "2021-09-20",
  "environments": [
    "AzureCloud"
  ]
}