{
  "$schema": "https://schema.management.azure.com/schemas/2019-04-01/deploymentParameters.json#",
  "contentVersion": "1.0.0.0",
  "parameters": {
    "adminUsername": {
      "value": "GEN-UNIQUE"
    },
    "localGatewayIpAddress": {
      "value": "52.25.48.88"
    },
    "localAddressPrefix": {
      "value": "10.0.0.0/24"
    },
    "azureVNetAddressPrefix": {
      "value": "10.3.0.0/16"
    },
    "subnetPrefix": {
      "value": "10.3.0.0/24"
    },
    "gatewaySubnetPrefix": {
      "value": "10.3.200.0/29"
    },
    "sharedKey": {
      "value": "GEN-UNIQUE"
    },
    "adminPasswordOrKey": {
      "value": "GEN-SSH-PUB-KEY"
    }
  }
}
