{
  "$schema": "https://schema.management.azure.com/schemas/2019-04-01/deploymentTemplate.json#",
  "contentVersion": "1.0.0.0",
  "parameters": {
    "vpnType": {
      "type": "string",
      "metadata": {
        "description": "Route based (Dynamic Gateway) or Policy based (Static Gateway)"
      },
      "defaultValue": "RouteBased",
      "allowedValues": [
        "RouteBased",
        "PolicyBased"
      ]
    },
    "localGatewayName": {
      "type": "string",
      "defaultValue": "localGateway",
      "metadata": {
        "description": "Arbitrary name for gateway resource representing your local/on-prem gateway"
      }
    },
    "localGatewayIpAddress": {
      "type": "string",
      "metadata": {
        "description": "Public IP of your local/on-prem gateway"
      }
    },
    "localAddressPrefix": {
      "type": "string",
      "metadata": {
        "description": "CIDR block representing the address space of your local/on-prem network's Subnet"
      }
    },
    "virtualNetworkName": {
      "type": "string",
      "defaultValue": "azureVnet",
      "metadata": {
        "description": "Arbitrary name for the Azure Virtual Network"
      }
    },
    "azureVNetAddressPrefix": {
      "type": "string",
      "defaultValue": "10.3.0.0/16",
      "metadata": {
        "description": "CIDR block representing the address space of the Azure VNet"
      }
    },
    "subnetName": {
      "type": "string",
      "defaultValue": "Subnet1",
      "metadata": {
        "description": "Arbitrary name for the Azure Subnet"
      }
    },
    "subnetPrefix": {
      "type": "string",
      "metadata": {
        "description": "CIDR block for VM subnet, subset of azureVNetAddressPrefix address space"
      }
    },
    "gatewaySubnetPrefix": {
      "type": "string",
      "defaultValue": "10.3.200.0/29",
      "metadata": {
        "description": "CIDR block for gateway subnet, subset of azureVNetAddressPrefix address space"
      }
    },
    "gatewayPublicIPName": {
      "type": "string",
      "defaultValue": "azureGatewayIP",
      "metadata": {
        "description": "Arbitrary name for public IP resource used for the new azure gateway"
      }
    },
    "gatewayName": {
      "type": "string",
      "defaultValue": "azureGateway",
      "metadata": {
        "description": "Arbitrary name for the new gateway"
      }
    },
    "gatewaySku": {
      "type": "string",
      "defaultValue": "Basic",
      "allowedValues": [
        "Basic",
        "Standard",
        "HighPerformance"
      ],
      "metadata": {
        "description": "The Sku of the Gateway. This must be one of Basic, Standard or HighPerformance."
      }
    },
    "connectionName": {
      "type": "string",
      "defaultValue": "Azure2Other",
      "metadata": {
        "description": "Arbitrary name for the new connection between Azure VNet and other network"
      }
    },
    "sharedKey": {
      "type": "string",
      "metadata": {
        "description": "Shared key (PSK) for IPSec tunnel"
      }
    },
    "vmName": {
      "type": "string",
      "defaultValue": "node-1",
      "metadata": {
        "description": "Name of the sample VM to create"
      }
    },
    "vmImageSKU": {
      "type": "string",
      "defaultValue": "18.04-LTS",
      "metadata": {
        "description": "VM Image SKU"
      }
    },
    "vmSize": {
      "type": "string",
      "defaultValue": "Standard_A1",
      "metadata": {
        "description": "Size of the Virtual Machine."
      }
    },
    "adminUsername": {
      "type": "string",
      "metadata": {
        "description": "Username for sample VM"
      }
    },
    "authenticationType": {
      "type": "string",
      "defaultValue": "sshPublicKey",
      "allowedValues": [
        "sshPublicKey",
        "password"
      ],
      "metadata": {
        "description": "Type of authentication to use on the Virtual Machine. SSH key is recommended."
      }
    },
    "adminPasswordOrKey": {
      "type": "securestring",
      "metadata": {
        "description": "SSH Key or password for the Virtual Machine. SSH key is recommended."
      }
    },
    "location": {
      "type": "string",
      "defaultValue": "[resourceGroup().location]",
      "metadata": {
        "description": "Location for the resources."
      }
    }
  },
  "variables": {
    "imagePublisher": "Canonical",
    "imageOffer": "UbuntuServer",
    "imageSKU": "[parameters('vmImageSKU')]",
    "gatewaySubnetRef": "[resourceId('Microsoft.Network/virtualNetworks/subnets', parameters('virtualNetworkName'), 'GatewaySubnet')]",
    "subnetRef": "[resourceId('Microsoft.Network/virtualNetworks/subnets', parameters('virtualNetworkName'), parameters('subnetName'))]",
    "nicName": "[concat(parameters('vmName'), '-nic')]",
    "vmPublicIPName": "[concat(parameters('vmName'), '-publicIP')]",
    "linuxConfiguration": {
      "disablePasswordAuthentication": true,
      "ssh": {
        "publicKeys": [
          {
            "path": "[concat('/home/', parameters('adminUsername'), '/.ssh/authorized_keys')]",
            "keyData": "[parameters('adminPasswordOrKey')]"
          }
        ]
      }
    },
    "networkSecurityGroupName": "default-NSG"
  },
  "resources": [
    {
      "apiVersion": "2020-08-01",
      "type": "Microsoft.Network/localNetworkGateways",
      "name": "[parameters('localGatewayName')]",
      "location": "[parameters('location')]",
      "properties": {
        "localNetworkAddressSpace": {
          "addressPrefixes": [
            "[parameters('localAddressPrefix')]"
          ]
        },
        "gatewayIpAddress": "[parameters('localGatewayIpAddress')]"
      }
    },
    {
      "apiVersion": "2020-11-01",
      "name": "[parameters('connectionName')]",
      "type": "Microsoft.Network/connections",
      "location": "[parameters('location')]",
      "dependsOn": [
        "[resourceId('Microsoft.Network/virtualNetworkGateways', parameters('gatewayName'))]",
        "[resourceId('Microsoft.Network/localNetworkGateways', parameters('localGatewayName'))]"
      ],
      "properties": {
        "virtualNetworkGateway1": {
          "id": "[resourceId('Microsoft.Network/virtualNetworkGateways', parameters('gatewayName'))]"
        },
        "localNetworkGateway2": {
          "id": "[resourceId('Microsoft.Network/localNetworkGateways', parameters('localGatewayName'))]"
        },
        "connectionType": "IPsec",
        "routingWeight": 10,
        "sharedKey": "[parameters('sharedKey')]"
      }
    },
    {
      "comments": "Default Network Security Group for template",
      "type": "Microsoft.Network/networkSecurityGroups",
      "apiVersion": "2019-08-01",
      "name": "[variables('networkSecurityGroupName')]",
      "location": "[parameters('location')]",
      "properties": {
        "securityRules": [
          {
            "name": "default-allow-22",
            "properties": {
              "priority": 1000,
              "access": "Allow",
              "direction": "Inbound",
              "destinationPortRange": "22",
              "protocol": "Tcp",
              "sourceAddressPrefix": "*",
              "sourcePortRange": "*",
              "destinationAddressPrefix": "*"
            }
          }
        ]
      }
    },
    {
      "apiVersion": "2020-11-01",
      "type": "Microsoft.Network/virtualNetworks",
      "name": "[parameters('virtualNetworkName')]",
      "location": "[parameters('location')]",
      "dependsOn": [
        "[resourceId('Microsoft.Network/networkSecurityGroups', variables('networkSecurityGroupName'))]"
      ],
      "properties": {
        "addressSpace": {
          "addressPrefixes": [
            "[parameters('azureVNetAddressPrefix')]"
          ]
        },
        "subnets": [
          {
            "name": "[parameters('subnetName')]",
            "properties": {
              "addressPrefix": "[parameters('subnetPrefix')]",
              "networkSecurityGroup": {
                "id": "[resourceId('Microsoft.Network/networkSecurityGroups', variables('networkSecurityGroupName'))]"
              }
            }
          },
          {
            "name": "GatewaySubnet",
            "properties": {
              "addressPrefix": "[parameters('gatewaySubnetPrefix')]"
            }
          }
        ]
      }
    },
    {
      "apiVersion": "2020-11-01",
      "type": "Microsoft.Network/publicIPAddresses",
      "name": "[parameters('gatewayPublicIPName')]",
      "location": "[parameters('location')]",
      "properties": {
        "publicIPAllocationMethod": "Dynamic"
      }
    },
    {
      "apiVersion": "2020-11-01",
      "type": "Microsoft.Network/publicIPAddresses",
      "name": "[variables('vmPublicIPName')]",
      "location": "[parameters('location')]",
      "properties": {
        "publicIPAllocationMethod": "Dynamic"
      }
    },
    {
      "apiVersion": "2020-11-01",
      "type": "Microsoft.Network/virtualNetworkGateways",
      "name": "[parameters('gatewayName')]",
      "location": "[parameters('location')]",
      "dependsOn": [
        "[resourceId('Microsoft.Network/publicIPAddresses', parameters('gatewayPublicIPName'))]",
        "[resourceId('Microsoft.Network/virtualNetworks', parameters('virtualNetworkName'))]"
      ],
      "properties": {
        "ipConfigurations": [
          {
            "properties": {
              "privateIPAllocationMethod": "Dynamic",
              "subnet": {
                "id": "[variables('gatewaySubnetRef')]"
              },
              "publicIPAddress": {
                "id": "[resourceId('Microsoft.Network/publicIPAddresses', parameters('gatewayPublicIPName'))]"
              }
            },
            "name": "vnetGatewayConfig"
          }
        ],
        "sku": {
          "name": "[parameters('gatewaySku')]",
          "tier": "[parameters('gatewaySku')]"
        },
        "gatewayType": "Vpn",
        "vpnType": "[parameters('vpnType')]",
        "enableBgp": "false"
      }
    },
    {
      "apiVersion": "2020-08-01",
      "type": "Microsoft.Network/networkInterfaces",
      "name": "[variables('nicName')]",
      "location": "[parameters('location')]",
      "dependsOn": [
        "[resourceId('Microsoft.Network/publicIPAddresses', variables('vmPublicIPName'))]",
        "[resourceId('Microsoft.Network/virtualNetworks', parameters('virtualNetworkName'))]",
        "[resourceId('Microsoft.Network/virtualNetworkGateways', parameters('gatewayName'))]"
      ],
      "properties": {
        "ipConfigurations": [
          {
            "name": "ipconfig1",
            "properties": {
              "privateIPAllocationMethod": "Dynamic",
              "publicIPAddress": {
                "id": "[resourceId('Microsoft.Network/publicIPAddresses', variables('vmPublicIPName'))]"
              },
              "subnet": {
                "id": "[variables('subnetRef')]"
              }
            }
          }
        ]
      }
    },
    {
      "type": "Microsoft.Compute/virtualMachines",
      "apiVersion": "2020-12-01",
      "name": "[parameters('vmName')]",
      "location": "[parameters('location')]",
      "dependsOn": [
        "[resourceId('Microsoft.Network/networkInterfaces', variables('nicName'))]"
      ],
      "properties": {
        "hardwareProfile": {
          "vmSize": "[parameters('vmSize')]"
        },
        "osProfile": {
          "computerName": "[parameters('vmName')]",
          "adminUsername": "[parameters('adminUsername')]",
          "adminPassword": "[parameters('adminPasswordOrKey')]",
          "linuxConfiguration": "[if(equals(parameters('authenticationType'), 'password'), json('null'), variables('linuxConfiguration'))]"
        },
        "storageProfile": {
          "imageReference": {
            "publisher": "[variables('imagePublisher')]",
            "offer": "[variables('imageOffer')]",
            "sku": "[variables('imageSKU')]",
            "version": "latest"
          },
          "osDisk": {
            "caching": "ReadWrite",
            "createOption": "FromImage"
          }
        },
        "networkProfile": {
          "networkInterfaces": [
            {
              "id": "[resourceId('Microsoft.Network/networkInterfaces', variables('nicName'))]"
            }
          ]
        }
      }
    }
  ]
}
