{
  "$schema": "https://aka.ms/azure-quickstart-templates-metadata-schema#",
  "itemDisplayName": "Create a sandbox setup of Azure Firewall with Zones",
  "description": "This template creates a virtual network with three subnets (server subnet, jumpbox subnet, and Azure Firewall subnet), a jumpbox VM with public IP, A server VM, UDR route to point to Azure Firewall for the ServerSubnet,an Azure Firewall with one or more Public IP addresses, one sample application rule, and one sample network rule and Azure Firewall in Availability Zones 1, 2, and 3.",
  "summary": "Create a sandbox setup of Azure Firewall with Availability Zones",
  "githubUsername": "madhusudhanravi",
  "docOwner": "vhorne",
  "dateUpdated": "2021-05-11",
  "type": "QuickStart",
  "environments": [
    "AzureCloud"
  ]
}