{
  "$schema": "https://aka.ms/azure-quickstart-templates-metadata-schema#",
  "type": "QuickStart",
  "itemDisplayName": "Configure WAF rules with http parameters for Front Door",
  "description": "This template configures WAF custom rules based on specific http parameters for Azure Front Door endpoint.",
  "summary": "This template configures WAF custom rules based on specific http parameters for Azure Front Door endpoint.",
  "githubUsername": "victorar",
  "dateUpdated": "2021-04-29"
}