{
  "$schema": "https://aka.ms/azure-quickstart-templates-metadata-schema#",
  "type": "QuickStart",
  "itemDisplayName": "Azure Traffic Manager VM example with Availability Zones",
  "description": "This template shows how to create an Azure Traffic Manager profile load-balancing across multiple virtual machines placed in Availability Zones.",
  "summary": "This template creates an Azure Traffic Manager profile that load-balances across multiple virtual machines placed in Availability Zones.",
  "githubUsername": "aaronlower",
  "dateUpdated": "2021-07-30",
  "environments": [
    "AzureCloud"
  ]
}