{
   "$schema":"https://schema.management.azure.com/schemas/2019-04-01/deploymentParameters.json#",
   "contentVersion":"1.0.0.0",
   "parameters":{
      "certificateOrderName":{
         "value":"changeme"
      },
      "productType":{
         "value":"StandardDomainValidatedSsl"
      },
      "existingKeyVaultId":{
         "value":"/subscriptions/changeme/resourceGroups/changeme/providers/Microsoft.KeyVault/vaults/changeme"
      },
      "existingAppName":{
         "value":"changeme"
      },
      "rootHostname":{
         "value":"changeme.com"
      },
      "existingAppLocation":{
         "value":"changeme"
      }
   }
}
