{
  "$schema": "https://aka.ms/azure-quickstart-templates-metadata-schema#",
  "type": "QuickStart",
  "itemDisplayName": "Configure WAF rate liming rule for Azure Front Door endpoint",
  "description": "This template configures a WAF rule for Azure Front Door to rate limit incoming traffic for a given frontend host.",
  "summary": "This template configures a WAF rule for Azure Front Door to rate limit incoming traffic for a given frontend host.",
  "githubUsername": "victorar",
  "dateUpdated": "2021-04-29"
}