{
    "$schema": "https://schema.management.azure.com/schemas/2015-01-01/deploymentParameters.json#",
    "contentVersion": "1.0.0.1",
    "parameters": {
        "workspaceName": {
            "value": "GEN-UNIQUE-20"
        },
        "appInsightsName": {
            "value": "GEN-UNIQUE-20"
        },
        "apimServiceName": {
            "value": "GEN-UNIQUE-20"
        },
        "apimPublisherEmail": {
            "value": "email@example.com"
        },
        "apimPublisherName": {
            "value": "templateTest"
        },
        "frontDoorName": {
            "value": "GEN-UNIQUE-20"
        },
        "allowTrafficOnlyFromFrontDoor": {
            "value": false
        }
    }
}
