{
  "$schema": "https://aka.ms/azure-quickstart-templates-metadata-schema#",
  "type": "QuickStart",
  "itemDisplayName": "Create Azure Front Door in front of Azure API Management",
  "description": "This sample demonstrates how to use Azure Front Door as a global load balancer in front of Azure API Management.",
  "summary": "This template creates a Front Door in front of an API Management instance hosted by a virtual network.",
  "githubUsername": "paolosalvatori",
  "dateUpdated": "2021-05-13"
}