{
  "$schema": "https://aka.ms/azure-quickstart-templates-metadata-schema#",
  "type": "QuickStart",
  "itemDisplayName": "Azure vWAN Multi-Hub Deployment with Custom Routing Tables",
  "description": "This template allows you to create an Azure Virtual WAN (vWAN) multi-hub deployment, including all gateways and VNET connections, and demonstrate the usage of Route Tables for custom routing.",
  "summary": "Create an Azure Virtual WAN (vWAN) Multi-Hub Deployment with Custom Routing Tables",
  "githubUsername": "igorpag",
  "dateUpdated": "2021-05-12",
  "environments": [
    "AzureCloud"
  ],
  "tags": {
    "resource": "Azure Virtual WAN",
    "level": "advanced",
    "cost": "$$$"
  }
}