{
  "$schema": "https://aka.ms/azure-quickstart-templates-metadata-schema#",
  "itemDisplayName": "Standard Load Balancer with Backend Pool by IP Addresses",
  "description": "This template is used to demonstrate how ARM Templates can be used to configure the Backend Pool of a Load Balancer by IP Address as outlined in the [Backend Pool management](https://docs.microsoft.com/azure/load-balancer/backend-pool-management) document.",
  "summary": "This template demonstrates configuring a Backend Pool by IP Address when deploying a Standard Load Balancer",
  "environments": [
    "AzureCloud"
  ],
  "githubUsername": "erichrt",
  "dateUpdated": "2021-05-27",
  "type": "QuickStart"
}