{
  "$schema": "https://schema.management.azure.com/schemas/2019-04-01/deploymentTemplate.json#",
  "contentVersion": "1.0.0.0",
  "metadata": {
    "_generator": {
      "name": "bicep",
      "version": "0.4.1124.51302",
      "templateHash": "13314341665938652159"
    }
  },
  "parameters": {
    "frontDoorName": {
      "type": "string",
      "metadata": {
        "description": "The name of the frontdoor resource."
      }
    },
    "backendAddress": {
      "type": "string",
      "metadata": {
        "description": "The hostname of the backend. Must be an IP address or FQDN."
      }
    }
  },
  "resources": [
    {
      "type": "Microsoft.Network/frontDoors",
      "apiVersion": "2020-05-01",
      "name": "[parameters('frontDoorName')]",
      "location": "global",
      "properties": {
        "routingRules": [
          {
            "name": "httptohttps",
            "properties": {
              "frontendEndpoints": [
                {
                  "id": "[resourceId('Microsoft.Network/frontDoors/frontendEndpoints', parameters('frontDoorName'), 'frontendEndpoint1')]"
                }
              ],
              "acceptedProtocols": [
                "Http"
              ],
              "patternsToMatch": [
                "/*"
              ],
              "routeConfiguration": {
                "@odata.type": "#Microsoft.Azure.FrontDoor.Models.FrontdoorRedirectConfiguration",
                "redirectProtocol": "HttpsOnly",
                "redirectType": "Moved"
              },
              "enabledState": "Enabled"
            }
          }
        ],
        "healthProbeSettings": [
          {
            "name": "healthProbeSettings1",
            "properties": {
              "path": "/",
              "protocol": "Http",
              "intervalInSeconds": 120
            }
          }
        ],
        "loadBalancingSettings": [
          {
            "name": "loadBalancingSettings1",
            "properties": {
              "sampleSize": 4,
              "successfulSamplesRequired": 2
            }
          }
        ],
        "backendPools": [
          {
            "name": "backendPool1",
            "properties": {
              "backends": [
                {
                  "address": "[parameters('backendAddress')]",
                  "backendHostHeader": "[parameters('backendAddress')]",
                  "httpPort": 80,
                  "httpsPort": 443,
                  "weight": 50,
                  "priority": 1,
                  "enabledState": "Enabled"
                }
              ],
              "loadBalancingSettings": {
                "id": "[resourceId('Microsoft.Network/frontDoors/loadBalancingSettings', parameters('frontDoorName'), 'loadBalancingSettings1')]"
              },
              "healthProbeSettings": {
                "id": "[resourceId('Microsoft.Network/frontDoors/healthProbeSettings', parameters('frontDoorName'), 'healthProbeSettings1')]"
              }
            }
          }
        ],
        "frontendEndpoints": [
          {
            "name": "frontendEndpoint1",
            "properties": {
              "hostName": "[format('{0}.azurefd.net', parameters('frontDoorName'))]",
              "sessionAffinityEnabledState": "Disabled"
            }
          }
        ],
        "enabledState": "Enabled"
      }
    }
  ]
}