{
  "$schema": "https://aka.ms/azure-quickstart-templates-metadata-schema#",
  "type": "QuickStart",
  "itemDisplayName": "Create a Front Door with HTTP to HTTPS redirection",
  "description": "This template creates a Front Door configuration for HTTP to HTTPS redirection.",
  "summary": "This template creates a Front Door configuration with routing rule that is used to redirect HTTP traffic to HTTPS.",
  "githubUsername": "aramesh-msft",
  "dateUpdated": "2022-01-11",
  "environments": [
    "AzureCloud"
  ]
}