{
  "$schema": "https://schema.management.azure.com/schemas/2019-04-01/deploymentTemplate.json#",
  "contentVersion": "1.0.0.0",
  "metadata": {
    "_generator": {
      "name": "bicep",
      "version": "0.4.1008.15138",
      "templateHash": "10509826654560146891"
    }
  },
  "parameters": {
    "existingVNETName": {
      "type": "string",
      "metadata": {
        "description": "Name of the VNET to add a subnet to"
      }
    },
    "newSubnetName": {
      "type": "string",
      "metadata": {
        "description": "Name of the subnet to add"
      }
    },
    "newSubnetAddressPrefix": {
      "type": "string",
      "defaultValue": "10.0.0.0/24",
      "metadata": {
        "description": "Address space of the subnet to add"
      }
    }
  },
  "functions": [],
  "resources": [
    {
      "type": "Microsoft.Network/virtualNetworks/subnets",
      "apiVersion": "2021-03-01",
      "name": "[format('{0}/{1}', parameters('existingVNETName'), parameters('newSubnetName'))]",
      "properties": {
        "addressPrefix": "[parameters('newSubnetAddressPrefix')]"
      }
    }
  ]
}