{
  "$schema": "https://aka.ms/azure-quickstart-templates-metadata-schema#",
  "type": "QuickStart",
  "itemDisplayName": "201-vnet-2subnets-service-endpoints-storage-integration",
  "description": "Creates 2 new VMs with a NIC each, in two different subnets within the same VNet. Sets service endpoint on one of the subnets and secures storage account to that subnet.",
  "summary": "Sets service endpoint on one of the 2 subnets in a VNet and secures storage account to that subnet",
  "githubUsername": "anithaadusumilli",
  "dateUpdated": "2021-05-05"
}