{
  "$schema": "https://aka.ms/azure-quickstart-templates-metadata-schema#",
  "type": "QuickStart",
  "itemDisplayName": "Front Door Standard/Premium with Azure Container Instances",
  "description": "This template creates a Front Door Standard/Premium (Preview) with a container group.",
  "summary": "This template creates a Front Door Standard/Premium (Preview) with a container group.",
  "githubUsername": "johndowns",
  "docOwner": "johndowns",
  "dateUpdated": "2021-08-05",
  "environments": [
    "AzureCloud"
  ]
}