{
    "$schema": "https://schema.management.azure.com/schemas/2019-04-01/deploymentTemplate.json#",
    "contentVersion": "1.0.0.0",
    "parameters": {
        "vnetAddressPrefix": {
            "type": "string",
            "defaultValue": "10.0.0.0/16",
            "metadata": {
                "description": "address prefix"
            }
        },
        "subnetPrefix": {
            "type": "string",
            "defaultValue": "10.0.0.0/24",
            "metadata": {
                "description": "Subnet prefix"
            }
        },
        "location": {
            "type": "string",
            "defaultValue": "[resourceGroup().location]",
            "metadata": {
                "description": "Location for all resources."
            }
        }
    },
    "variables": {
        "virtualNetworkName": "myVNet",
        "subnetName": "myBackendSubnet",
        "loadBalancerName": "myLoadBalancer",
        "nicName": "myNIC1",
        "lbsku": "Standard",
        "subnetRef": "[resourceId('Microsoft.Network/virtualNetworks/subnets', variables('virtualNetworkName'), variables('subnetName'))]",
        "lbrulename": "myHARule",
        "lbprobename": "myHealthProbe"
    },
    "resources": [
        {
            "apiVersion": "2020-05-01",
            "type": "Microsoft.Network/virtualNetworks",
            "name": "[variables('virtualNetworkName')]",
            "location": "[parameters('location')]",
            "properties": {
                "addressSpace": {
                    "addressPrefixes": [
                        "[parameters('vnetAddressPrefix')]"
                    ]
                },
                "subnets": [
                    {
                        "name": "[variables('subnetName')]",
                        "properties": {
                            "addressPrefix": "[parameters('subnetPrefix')]"
                        }
                    }
                ]
            }
        },
        {
            "apiVersion": "2020-05-01",
            "type": "Microsoft.Network/networkInterfaces",
            "name": "[variables('nicName')]",
            "location": "[parameters('location')]",
            "dependsOn": [
                "[resourceId('Microsoft.Network/loadBalancers/', variables('loadBalancerName'))]"
            ],
            "properties": {
                "ipConfigurations": [
                    {
                        "name": "ipconfig1",
                        "properties": {
                            "privateIPAllocationMethod": "Dynamic",
                            "subnet": {
                                "id": "[variables('subnetRef')]"
                            },
                            "loadBalancerBackendAddressPools": [
                                {
                                    "id": "[resourceId('Microsoft.Network/loadBalancers/backendAddressPools', variables('loadBalancerName'), 'loadBalancerBackEnd')]"
                                }
                            ]
                        }
                    }
                ]
            }
        },
        {
            "apiVersion": "2020-05-01",
            "name": "[variables('loadBalancerName')]",
            "type": "Microsoft.Network/loadBalancers",
            "location": "[parameters('location')]",
            "sku": {
                "name": "[variables('lbSku')]"
            },
            "dependsOn": [
                "[resourceId('Microsoft.Network/virtualNetworks/', variables('virtualNetworkName'))]"
            ],
            "properties": {
                "frontendIPConfigurations": [
                    {
                        "name": "loadBalancerFrontEnd",
                        "properties": {
                            "subnet": {
                                "id": "[variables('subnetRef')]"
                            }
                        }
                    }
                ],
                "backendAddressPools": [
                    {
                        "name": "loadBalancerBackEnd"
                    }
                ],
                "loadBalancingRules": [
                    {
                        "name": "[variables('lbrulename')]",
                        "properties": {
                            "frontendIPConfiguration": {
                                "id": "[resourceId('Microsoft.Network/loadBalancers/frontendIpConfigurations', variables('loadBalancerName'), 'loadBalancerFrontEnd')]"
                            },
                            "backendAddressPool": {
                                "id": "[resourceId('Microsoft.Network/loadBalancers/backendAddressPools', variables('loadBalancerName'), 'loadBalancerBackEnd')]"
                            },
                            "probe": {
                                "id": "[resourceId('Microsoft.Network/loadBalancers/probes', variables('loadBalancerName'), variables('lbprobename'))]"
                            },
                            "protocol": "All",
                            "frontendPort": 0,
                            "backendPort": 0,
                            "enableFloatingIP": false,
                            "enableTcpReset": true,
                            "loadDistribution": "Default",
                            "disableOutboundSnat": true,
                            "idleTimeoutInMinutes": 15
                        }
                    }
                ],
                "probes": [
                    {
                        "name": "[variables('lbprobename')]",
                        "properties": {
                            "protocol": "Tcp",
                            "port": 80,
                            "intervalInSeconds": 15,
                            "numberOfProbes": 2
                        }
                    }
                ]
            }
        }
    ]
}
