{
    "$schema": "https://schema.management.azure.com/schemas/2019-04-01/deploymentTemplate.json#",
    "contentVersion": "1.0.0.0",
    "parameters": {
        "location": {
            "type": "string",
            "defaultValue": "[resourceGroup().location]"
        }
    },
    "variables": {
        "vnetLocal": "local-vnet",
        "vnetRemote": "remote-vnet"
    },
    "resources": [
        {
            "type": "Microsoft.Network/virtualNetworks",
            "apiVersion": "2019-11-01",
            "name": "[variables('vnetLocal')]",
            "location": "[parameters('location')]",
            "properties": {
                "addressSpace": {
                    "addressPrefixes": [
                        "10.0.0.0/16"
                    ]
                },
                "subnets": [
                    {
                        "name": "default",
                        "properties": {
                            "addressPrefix": "10.0.0.0/24"
                        }
                    }
                ]
            }
        },
        {
            "type": "Microsoft.Network/virtualNetworks",
            "apiVersion": "2019-11-01",
            "name": "[variables('vnetRemote')]",
            "location": "[parameters('location')]",
            "properties": {
                "addressSpace": {
                    "addressPrefixes": [
                        "11.0.0.0/16"
                    ]
                },
                "subnets": [
                    {
                        "name": "default",
                        "properties": {
                            "addressPrefix": "11.0.0.0/24"
                        }
                    }
                ]
            }
        }
    ],
    "outputs": {
        "vnetLocal": {
            "type": "string",
            "value": "[variables('vnetLocal')]"
        },
        "vnetRemote": {
            "type": "string",
            "value": "[variables('vnetRemote')]"
        },
        "vnetRemoteResourceGroup": {
            "type": "string",
            "value": "[resourceGroup().name]"
        }
    }
}
