{
  "$schema": "https://schema.management.azure.com/schemas/2019-04-01/deploymentTemplate.json#",
  "contentVersion": "1.0.0.0",
  "parameters": {
    "adminUsername": {
      "type": "String",
      "metadata": {
        "description": "Admin username for the backend servers"
      }
    },
    "adminPassword": {
      "type": "SecureString",
      "metadata": {
        "description": "Password for the admin account on the backend servers"
      }
    },
    "location": {
      "defaultValue": "[resourceGroup().location]",
      "type": "String",
      "metadata": {
        "description": "Location for all resources."
      }
    },
    "vmSize": {
      "defaultValue": "Standard_B2ms",
      "type": "String",
      "metadata": {
        "description": "Size of the virtual machine."
      }
    }
  },
  "variables": {
    "virtualMachines_myVM_name": "myVM",
    "virtualNetworks_myVNet_name": "myVNet",
    "net_interface": "net-int",
    "ipconfig_name": "ipconfig",
    "ipprefix_name": "public_ip_prefix",
    "ipprefix_size": 31,
    "publicIPAddress": "public_ip",
    "nsg_name": "vm-nsg",
    "firewall_name": "FW-01",
    "vnet_prefix": "10.0.0.0/16",
    "fw_subnet_prefix": "10.0.0.0/24",
    "backend_subnet_prefix": "10.0.1.0/24",
    "azureFirewallSubnetId": "[resourceId('Microsoft.Network/virtualNetworks/subnets',variables('virtualNetworks_myVNet_name'), 'AzureFirewallSubnet')]",
    "azureFirewallSubnetJSON": "[json(format('{{\"id\": \"{0}\"}}', variables('azureFirewallSubnetId')))]",
    "copy": [
      {
        "name": "azureFirewallIpConfigurations",
        "count": 2,
        "input": {
          "name": "[concat('IpConf', copyIndex('azureFirewallIpConfigurations',1))]",
          "properties": {
            "subnet": "[if(equals(copyIndex('azureFirewallIpConfigurations',1), 1), variables('azureFirewallSubnetJSON'), json('null'))]",
            "publicIPAddress": {
              "id": "[resourceId('Microsoft.Network/publicIPAddresses', concat(variables('publicIPAddress'), copyIndex('azureFirewallIpConfigurations',1)))]"
            }
          }
        }
      }
    ]
  },
  "resources": [
    {
      "type": "Microsoft.Network/networkSecurityGroups",
      "apiVersion": "2020-06-01",
      "name": "[concat(variables('nsg_name'), copyIndex(1))]",
      "location": "[parameters('location')]",
      "copy": {
        "name": "nsg-loop",
        "count": 2
      },
      "properties": {
        "securityRules": [
          {
            "name": "RDP",
            "properties": {
              "protocol": "TCP",
              "sourcePortRange": "*",
              "destinationPortRange": "3389",
              "sourceAddressPrefix": "*",
              "destinationAddressPrefix": "*",
              "access": "Allow",
              "priority": 300,
              "direction": "Inbound"
            }
          }
        ]
      }
    },
    {
      "apiVersion": "2020-06-01",
      "type": "Microsoft.Network/publicIPPrefixes",
      "name": "[variables('ipprefix_name')]",
      "location": "[parameters('location')]",
      "properties": {
        "prefixLength": "[variables('ipprefix_size')]",
        "publicIPAddressVersion": "IPv4"
      },
      "sku": {
        "name": "Standard",
        "tier": "Regional"
      }
    },
    {
      "type": "Microsoft.Network/publicIPAddresses",
      "apiVersion": "2020-06-01",
      "name": "[concat(variables('publicIPAddress'), copyIndex(1))]",
      "location": "[parameters('location')]",
      "sku": {
        "name": "Standard"
      },
      "copy": {
        "name": "publicip-loop",
        "count": 2
      },
      "dependsOn": [
        "[resourceId('Microsoft.Network/publicIPPrefixes', variables('ipprefix_name'))]"
      ],
      "properties": {
        "publicIPAddressVersion": "IPv4",
        "publicIPAllocationMethod": "Static",
        "publicIPPrefix": {
          "id": "[resourceId('Microsoft.Network/publicIPPrefixes',variables('ipprefix_name'))]"
        },
        "idleTimeoutInMinutes": 4
      }
    },
    {
      "type": "Microsoft.Network/virtualNetworks",
      "apiVersion": "2020-06-01",
      "name": "[variables('virtualNetworks_myVNet_name')]",
      "location": "[parameters('location')]",
      "dependsOn": [
        "[resourceId('Microsoft.Network/routeTables', 'rt-01')]"
      ],
      "properties": {
        "addressSpace": {
          "addressPrefixes": [
            "[variables('vnet_prefix')]"
          ]
        },
        "subnets": [
          {
            "name": "myBackendSubnet",
            "properties": {
              "addressPrefix": "[variables('backend_subnet_prefix')]",
              "routeTable": {
                "id": "[resourceId('Microsoft.Network/routeTables', 'rt-01')]"
              },
              "privateEndpointNetworkPolicies": "Enabled",
              "privateLinkServiceNetworkPolicies": "Enabled"
            }
          }
        ],
        "enableDdosProtection": false,
        "enableVmProtection": false
      }
    },
    {
      "type": "Microsoft.Network/virtualNetworks/subnets",
      "apiVersion": "2020-06-01",
      "name": "[concat(variables('virtualNetworks_myVNet_name'), '/AzureFirewallSubnet')]",
      "dependsOn": [
        "[resourceId('Microsoft.Network/virtualNetworks', variables('virtualNetworks_myVNet_name'))]"
      ],
      "properties": {
        "addressPrefix": "[variables('fw_subnet_prefix')]",
        "privateEndpointNetworkPolicies": "Enabled",
        "privateLinkServiceNetworkPolicies": "Enabled"
      }
    },
    {
      "type": "Microsoft.Compute/virtualMachines",
      "apiVersion": "2020-06-01",
      "name": "[concat(variables('virtualMachines_myVM_name'), copyIndex(1))]",
      "location": "[parameters('location')]",
      "copy": {
        "name": "vm-loop",
        "count": 2
      },
      "dependsOn": [
        "[resourceId('Microsoft.Network/networkInterfaces', concat(variables('net_interface'), copyIndex(1)))]"
      ],
      "properties": {
        "hardwareProfile": {
          "vmSize": "[parameters('vmSize')]"
        },
        "storageProfile": {
          "imageReference": {
            "publisher": "MicrosoftWindowsServer",
            "offer": "WindowsServer",
            "sku": "2019-Datacenter",
            "version": "latest"
          },
          "osDisk": {
            "osType": "Windows",
            "createOption": "FromImage",
            "caching": "ReadWrite",
            "managedDisk": {
              "storageAccountType": "StandardSSD_LRS"
            },
            "diskSizeGB": 127
          }
        },
        "osProfile": {
          "computerName": "[concat(variables('virtualMachines_myVM_name'), copyIndex(1))]",
          "adminUsername": "[parameters('adminUsername')]",
          "adminPassword": "[parameters('adminPassword')]",
          "windowsConfiguration": {
            "provisionVMAgent": true,
            "enableAutomaticUpdates": true
          },
          "allowExtensionOperations": true
        },
        "networkProfile": {
          "networkInterfaces": [
            {
              "id": "[resourceId('Microsoft.Network/networkInterfaces', concat(variables('net_interface'), copyIndex(1)))]"
            }
          ]
        }
      }
    },
    {
      "type": "Microsoft.Network/networkInterfaces",
      "apiVersion": "2020-06-01",
      "name": "[concat(variables('net_interface'), copyIndex(1))]",
      "location": "[parameters('location')]",
      "copy": {
        "name": "int-loop",
        "count": 2
      },
      "dependsOn": [
        "[resourceId('Microsoft.Network/virtualNetworks', variables('virtualNetworks_myVNet_name'))]",
        "[resourceId('Microsoft.Network/networkSecurityGroups', concat(variables('nsg_name'), copyIndex(1)))]"
      ],
      "properties": {
        "ipConfigurations": [
          {
            "name": "[concat(variables('ipconfig_name'), copyIndex(1))]",
            "properties": {
              "subnet": {
                "id": "[resourceId('Microsoft.Network/virtualNetworks/subnets', variables('virtualNetworks_myVNet_name'), 'myBackendSubnet')]"
              },
              "primary": true
            }
          }
        ],
        "enableAcceleratedNetworking": false,
        "enableIPForwarding": false,
        "networkSecurityGroup": {
          "id": "[resourceId('Microsoft.Network/networkSecurityGroups', concat(variables('nsg_name'), copyIndex(1)))]"
        }
      }
    },
    {
      "type": "Microsoft.Network/azureFirewalls",
      "apiVersion": "2020-06-01",
      "name": "[variables('firewall_name')]",
      "location": "[parameters('location')]",
      "dependsOn": [
        "[resourceId('Microsoft.Network/publicIPAddresses', concat(variables('publicIPAddress'), 1))]",
        "[resourceId('Microsoft.Network/publicIPAddresses', concat(variables('publicIPAddress'), 2))]",
        "[resourceId('Microsoft.Network/virtualNetworks/subnets', variables('virtualNetworks_myVNet_name'), 'AzureFirewallSubnet')]"
      ],
      "properties": {
        "sku": {
          "name": "AZFW_VNet",
          "tier": "Standard"
        },
        "threatIntelMode": "Alert",
        "ipConfigurations": "[variables('azureFirewallIpConfigurations')]",
        "applicationRuleCollections": [
          {
            "name": "web",
            "properties": {
              "priority": 100,
              "action": {
                "type": "Allow"
              },
              "rules": [
                {
                  "name": "wan-address",
                  "protocols": [
                    {
                      "protocolType": "Http",
                      "port": 80
                    },
                    {
                      "protocolType": "Https",
                      "port": 443
                    }
                  ],
                  "targetFqdns": [
                    "getmywanip.com"
                  ],
                  "sourceAddresses": [
                    "*"
                  ]
                },
                {
                  "name": "google",
                  "protocols": [
                    {
                      "protocolType": "Http",
                      "port": 80
                    },
                    {
                      "protocolType": "Https",
                      "port": 443
                    }
                  ],
                  "targetFqdns": [
                    "www.google.com"
                  ],
                  "sourceAddresses": [
                    "10.0.1.0/24"
                  ]
                },
                {
                  "name": "wupdate",
                  "protocols": [
                    {
                      "protocolType": "Http",
                      "port": 80
                    },
                    {
                      "protocolType": "Https",
                      "port": 443
                    }
                  ],
                  "fqdnTags": [
                    "WindowsUpdate"
                  ],
                  "sourceAddresses": [
                    "*"
                  ]
                }
              ]
            }
          }
        ],
        "natRuleCollections": [
          {
            "name": "Coll-01",
            "properties": {
              "priority": 100,
              "action": {
                "type": "Dnat"
              },
              "rules": [
                {
                  "name": "rdp-01",
                  "protocols": [
                    "TCP"
                  ],
                  "translatedAddress": "10.0.1.4",
                  "translatedPort": "3389",
                  "sourceAddresses": [
                    "*"
                  ],
                  "destinationAddresses": [ "[reference(resourceId('Microsoft.Network/publicIPAddresses/', concat(variables('publicIPAddress'), 1))).ipAddress]" ],
                  "destinationPorts": [
                    "3389"
                  ]
                },
                {
                  "name": "rdp-02",
                  "protocols": [
                    "TCP"
                  ],
                  "translatedAddress": "10.0.1.5",
                  "translatedPort": "3389",
                  "sourceAddresses": [
                    "*"
                  ],
                  "destinationAddresses": [ "[reference(resourceId('Microsoft.Network/publicIPAddresses/', concat(variables('publicIPAddress'), 2))).ipAddress]" ],
                  "destinationPorts": [
                    "3389"
                  ]
                }
              ]
            }
          }
        ]
      }
    },
    {
      "type": "Microsoft.Network/routeTables",
      "apiVersion": "2020-06-01",
      "name": "rt-01",
      "location": "[parameters('location')]",
      "properties": {
        "disableBgpRoutePropagation": false,
        "routes": [
          {
            "name": "fw",
            "properties": {
              "addressPrefix": "0.0.0.0/0",
              "nextHopType": "VirtualAppliance",
              "nextHopIpAddress": "10.0.0.4"
            }
          }
        ]
      }
    }
  ]
}
