{
  "$schema": "https://aka.ms/azure-quickstart-templates-metadata-schema#",
  "itemDisplayName": "Create an Azure Firewall with multiple IP public addresses",
  "description": "This template creates an Azure Firewall with two public IP addresses and two Windows Server 2019 servers to test.",
  "summary": "Create an Azure Firewall with multiple public IP addresses",
  "githubUsername": "vhorne",
  "docOwner": "vhorne",
  "dateUpdated": "2021-05-12",
  "type": "QuickStart",
  "environments": [
    "AzureCloud"
  ]
}