{
  "$schema": "https://aka.ms/azure-quickstart-templates-metadata-schema#",
  "itemDisplayName": "Private Link service example",
  "description": "This template shows how to create a private link service",
  "summary": "This template creates a private link service that exposes a virtual machine, and it is consumed via a private endpoint.",
  "githubUsername": "mblanco77",
  "docOwner": "mblanco77",
  "dateUpdated": "2021-05-12",
  "type": "QuickStart",
  "environments": [
    "AzureCloud"
  ]
}