{
  "$schema": "https://aka.ms/azure-quickstart-templates-metadata-schema#",
  "type": "QuickStart",
  "environments": [
    "AzureCloud"
  ],
  "githubUsername": "ajos1993",
  "itemDisplayName": "Performs ETL job using Azure services",
  "description": "This template provides an example of how to perform analytics on the historic as well as  real time streaming data  stored in Azure Blob Storage. The data from the event hub is taken by the Azure Stream Analytics Job to perform transformation and the output is stored in Azure Blob Storage and is visualized in PowerBI. The analytics is applied on the historic data stored in Blob storage by Azure Data Analytics and the movement of extracted, transformed and published data and the orchestration is done by Data Factory. The published data is further visualized in PowerBI",
  "summary": "Performs ETL job on data stored on blob.Also visualize real time data on PowerBI",
  "dateUpdated": "2021-07-30"
}