{
  "$schema": "https://aka.ms/azure-quickstart-templates-metadata-schema#",
  "itemDisplayName": "Deploy a Bastion host in a hub Virtual Network",
  "description": "This template creates two vNets with peerings, a Bastion host in the Hub vNet and a Linux VM in the spoke vNet",
  "summary": "This template creates two vNets with peerings, a Bastion host in the Hub vNet and a Linux VM in the spoke vNet",
  "githubUsername": "dpantaz",
  "dateUpdated": "2021-04-22",
  "type": "QuickStart"
}