{
  "$schema": "https://aka.ms/azure-quickstart-templates-metadata-schema#",
  "type": "QuickStart",
  "itemDisplayName": "Front Door Standard/Premium with Application Gateway origin",
  "description": "This template creates a Front Door Standard/Premium (Preview) and an Application Gateway instance, and uses an NSG and WAF policy to validate that traffic has come through the Front Door origin.",
  "summary": "This template creates a Front Door Standard/Premium (Preview) and an Application Gateway instance, and uses an NSG and WAF policy to validate that traffic has come through the Front Door origin.",
  "githubUsername": "johndowns",
  "docOwner": "johndowns",
  "dateUpdated": "2021-09-20",
  "environments": [
    "AzureCloud"
  ]
}