{
    "$schema": "https://schema.management.azure.com/schemas/2019-04-01/deploymentTemplate.json#",
    "contentVersion": "1.0.0.0",
    "parameters": {
        "sharedKey": {
            "type": "securestring",
            "metadata": {
                "description": "The shared key used to establish connection between the two vNet Gateways."
            }
        },
        "location": {
            "type": "string",
            "metadata": {
                "description": "Location of the resources"
            },
            "defaultValue": "[resourceGroup().location]"
        }
    },
    "variables": {
        "vNet1": {
            "name": "[concat('vNet1-', parameters('location'))]",
            "addressSpacePrefix": "10.0.0.0/23",
            "subnetName": "subnet1",
            "subnetPrefix": "10.0.0.0/24",
            "gatewayName": "vNet1-Gateway",
            "gatewaySubnetPrefix": "10.0.1.224/27",
            "gatewayPublicIPName": "[concat('gw1pip', uniqueString(resourceGroup().id))]",
            "connectionName": "vNet1-to-vNet2",
            "asn": 65010
        },
        "vNet2": {
            "name": "[concat('vNet2-', parameters('location'))]",
            "addressSpacePrefix": "10.0.2.0/23",
            "subnetName": "subnet1",
            "subnetPrefix": "10.0.2.0/24",
            "gatewayName": "vNet2-Gateway",
            "gatewaySubnetPrefix": "10.0.3.224/27",
            "gatewayPublicIPName": "[concat('gw2pip', uniqueString(resourceGroup().id))]",
            "connection1Name": "vNet2-to-vNet1",
            "connection2Name": "vNet2-to-vNet3",
            "asn": 65020
        },
        "vNet3": {
            "name": "[concat('vNet3-', parameters('location'))]",
            "addressSpacePrefix": "10.0.4.0/23",
            "subnetName": "subnet1",
            "subnetPrefix": "10.0.4.0/24",
            "gatewayName": "vNet3-Gateway",
            "gatewaySubnetPrefix": "10.0.5.224/27",
            "gatewayPublicIPName": "[concat('gw3pip', uniqueString(resourceGroup().id))]",
            "connectionName": "vNet3-to-vNet2",
            "asn": 65030
        },
        "gateway1SubnetRef": "[resourceId('Microsoft.Network/virtualNetworks/subnets', variables('vNet1').name, 'GatewaySubnet')]",
        "gateway2SubnetRef": "[resourceId('Microsoft.Network/virtualNetworks/subnets', variables('vNet2').name, 'GatewaySubnet')]",
        "gateway3SubnetRef": "[resourceId('Microsoft.Network/virtualNetworks/subnets', variables('vNet3').name, 'GatewaySubnet')]",
        "gatewaySku": "Standard"
    },
    "resources": [
        {
            "apiVersion": "2020-05-01",
            "type": "Microsoft.Network/virtualNetworks",
            "name": "[variables('vNet1').name]",
            "location": "[parameters('location')]",
            "comments": "This is the first vNet",
            "properties": {
                "addressSpace": {
                    "addressPrefixes": [
                        "[variables('vNet1').addressSpacePrefix]"
                    ]
                },
                "subnets": [
                    {
                        "name": "[variables('vNet1').subnetName]",
                        "properties": {
                            "addressPrefix": "[variables('vNet1').subnetPrefix]"
                        }
                    },
                    {
                        "name": "GatewaySubnet",
                        "properties": {
                            "addressPrefix": "[variables('vNet1').gatewaySubnetPrefix]"
                        }
                    }
                ]
            }
        },
        {
            "apiVersion": "2020-05-01",
            "type": "Microsoft.Network/virtualNetworks",
            "name": "[variables('vNet2').name]",
            "location": "[parameters('location')]",
            "comments": "This is the second vNet",
            "properties": {
                "addressSpace": {
                    "addressPrefixes": [
                        "[variables('vNet2').addressSpacePrefix]"
                    ]
                },
                "subnets": [
                    {
                        "name": "[variables('vNet2').subnetName]",
                        "properties": {
                            "addressPrefix": "[variables('vNet2').subnetPrefix]"
                        }
                    },
                    {
                        "name": "GatewaySubnet",
                        "properties": {
                            "addressPrefix": "[variables('vNet2').gatewaySubnetPrefix]"
                        }
                    }
                ]
            }
        },
        {
            "apiVersion": "2020-05-01",
            "type": "Microsoft.Network/virtualNetworks",
            "name": "[variables('vNet3').name]",
            "location": "[parameters('location')]",
            "comments": "This is the third vNet",
            "properties": {
                "addressSpace": {
                    "addressPrefixes": [
                        "[variables('vNet3').addressSpacePrefix]"
                    ]
                },
                "subnets": [
                    {
                        "name": "[variables('vNet3').subnetName]",
                        "properties": {
                            "addressPrefix": "[variables('vNet3').subnetPrefix]"
                        }
                    },
                    {
                        "name": "GatewaySubnet",
                        "properties": {
                            "addressPrefix": "[variables('vNet3').gatewaySubnetPrefix]"
                        }
                    }
                ]
            }
        },
        {
            "apiVersion": "2020-05-01",
            "type": "Microsoft.Network/publicIPAddresses",
            "name": "[variables('vNet1').gatewayPublicIPName]",
            "location": "[parameters('location')]",
            "comments": "This is the public IP for vNet Gateway 1",
            "properties": {
                "publicIPAllocationMethod": "Dynamic"
            }
        },
        {
            "apiVersion": "2020-05-01",
            "type": "Microsoft.Network/publicIPAddresses",
            "name": "[variables('vNet2').gatewayPublicIPName]",
            "location": "[parameters('location')]",
            "comments": "This is the public IP for vNet Gateway 2",
            "properties": {
                "publicIPAllocationMethod": "Dynamic"
            }
        },
        {
            "apiVersion": "2020-05-01",
            "type": "Microsoft.Network/publicIPAddresses",
            "name": "[variables('vNet3').gatewayPublicIPName]",
            "location": "[parameters('location')]",
            "comments": "This is the public IP for vNet Gateway 3",
            "properties": {
                "publicIPAllocationMethod": "Dynamic"
            }
        },
        {
            "apiVersion": "2020-05-01",
            "type": "Microsoft.Network/virtualNetworkGateways",
            "name": "[variables('vNet1').gatewayName]",
            "location": "[parameters('location')]",
            "dependsOn": [
                "[resourceId('Microsoft.Network/publicIPAddresses/', variables('vNet1').gatewayPublicIPName)]",
                "[resourceId('Microsoft.Network/virtualNetworks/', variables('vNet1').name)]"
            ],
            "comments": "This is the vNet Gateway for vNet 1",
            "properties": {
                "ipConfigurations": [
                    {
                        "properties": {
                            "privateIPAllocationMethod": "Dynamic",
                            "subnet": {
                                "id": "[variables('gateway1SubnetRef')]"
                            },
                            "publicIPAddress": {
                                "id": "[resourceId('Microsoft.Network/publicIPAddresses',variables('vNet1').gatewayPublicIPName)]"
                            }
                        },
                        "name": "vNet1GatewayConfig"
                    }
                ],
                "gatewayType": "Vpn",
                "sku": {
                    "name": "[variables('gatewaySku')]",
                    "tier": "[variables('gatewaySku')]"
                },
                "vpnType": "RouteBased",
                "enableBgp": true,
                "bgpSettings": {
                    "asn": "[variables('vNet1').asn]"
                }
            }
        },
        {
            "apiVersion": "2020-05-01",
            "type": "Microsoft.Network/virtualNetworkGateways",
            "name": "[variables('vNet2').gatewayName]",
            "location": "[parameters('location')]",
            "dependsOn": [
                "[resourceId('Microsoft.Network/publicIPAddresses/', variables('vNet2').gatewayPublicIPName)]",
                "[resourceId('Microsoft.Network/virtualNetworks/', variables('vNet2').name)]"
            ],
            "comments": "This is the vNet Gateway for vNet 2",
            "properties": {
                "ipConfigurations": [
                    {
                        "properties": {
                            "privateIPAllocationMethod": "Dynamic",
                            "subnet": {
                                "id": "[variables('gateway2SubnetRef')]"
                            },
                            "publicIPAddress": {
                                "id": "[resourceId('Microsoft.Network/publicIPAddresses',variables('vNet2').gatewayPublicIPName)]"
                            }
                        },
                        "name": "vNet2GatewayConfig"
                    }
                ],
                "gatewayType": "Vpn",
                "sku": {
                    "name": "[variables('gatewaySku')]",
                    "tier": "[variables('gatewaySku')]"
                },
                "vpnType": "RouteBased",
                "enableBgp": true,
                "bgpSettings": {
                    "asn": "[variables('vNet2').asn]"
                }
            }
        },
        {
            "apiVersion": "2020-05-01",
            "type": "Microsoft.Network/virtualNetworkGateways",
            "name": "[variables('vNet3').gatewayName]",
            "location": "[parameters('location')]",
            "dependsOn": [
                "[resourceId('Microsoft.Network/publicIPAddresses/', variables('vNet3').gatewayPublicIPName)]",
                "[resourceId('Microsoft.Network/virtualNetworks/', variables('vNet3').name)]"
            ],
            "comments": "This is the vNet Gateway for vNet 3",
            "properties": {
                "ipConfigurations": [
                    {
                        "properties": {
                            "privateIPAllocationMethod": "Dynamic",
                            "subnet": {
                                "id": "[variables('gateway3SubnetRef')]"
                            },
                            "publicIPAddress": {
                                "id": "[resourceId('Microsoft.Network/publicIPAddresses',variables('vNet3').gatewayPublicIPName)]"
                            }
                        },
                        "name": "vNet3GatewayConfig"
                    }
                ],
                "gatewayType": "Vpn",
                "sku": {
                    "name": "[variables('gatewaySku')]",
                    "tier": "[variables('gatewaySku')]"
                },
                "vpnType": "RouteBased",
                "enableBgp": true,
                "bgpSettings": {
                    "asn": "[variables('vNet3').asn]"
                }
            }
        },
        {
            "apiVersion": "2020-05-01",
            "type": "Microsoft.Network/connections",
            "name": "[variables('vNet1').connectionName]",
            "location": "[parameters('location')]",
            "dependsOn": [
                "[resourceId('Microsoft.Network/virtualNetworkGateways/', variables('vNet1').gatewayName)]",
                "[resourceId('Microsoft.Network/virtualNetworkGateways/', variables('vNet2').gatewayName)]"
            ],
            "comments": "This is the VPN connection from Gateway 1 to Gateway 2",
            "properties": {
                "virtualNetworkGateway1": {
                    "id": "[resourceId('Microsoft.Network/virtualNetworkGateways',variables('vNet1').gatewayName)]"
                },
                "virtualNetworkGateway2": {
                    "id": "[resourceId('Microsoft.Network/virtualNetworkGateways',variables('vNet2').gatewayName)]"
                },
                "connectionType": "Vnet2Vnet",
                "routingWeight": 3,
                "sharedKey": "[parameters('sharedKey')]",
                "enableBGP": true
            }
        },
        {
            "apiVersion": "2020-05-01",
            "type": "Microsoft.Network/connections",
            "name": "[variables('vNet2').connection1Name]",
            "location": "[parameters('location')]",
            "dependsOn": [
                "[resourceId('Microsoft.Network/virtualNetworkGateways/', variables('vNet1').gatewayName)]",
                "[resourceId('Microsoft.Network/virtualNetworkGateways/', variables('vNet2').gatewayName)]"
            ],
            "comments": "This is the VPN connection from Gateway 2 to Gateway 1",
            "properties": {
                "virtualNetworkGateway1": {
                    "id": "[resourceId('Microsoft.Network/virtualNetworkGateways',variables('vNet2').gatewayName)]"
                },
                "virtualNetworkGateway2": {
                    "id": "[resourceId('Microsoft.Network/virtualNetworkGateways',variables('vNet1').gatewayName)]"
                },
                "connectionType": "Vnet2Vnet",
                "routingWeight": 3,
                "sharedKey": "[parameters('sharedKey')]",
                "enableBGP": true
            }
        },
        {
            "apiVersion": "2020-05-01",
            "type": "Microsoft.Network/connections",
            "name": "[variables('vNet2').connection2Name]",
            "location": "[parameters('location')]",
            "dependsOn": [
                "[resourceId('Microsoft.Network/virtualNetworkGateways/', variables('vNet2').gatewayName)]",
                "[resourceId('Microsoft.Network/virtualNetworkGateways/', variables('vNet3').gatewayName)]"
            ],
            "comments": "This is the VPN connection from Gateway 2 to Gateway 3",
            "properties": {
                "virtualNetworkGateway1": {
                    "id": "[resourceId('Microsoft.Network/virtualNetworkGateways',variables('vNet2').gatewayName)]"
                },
                "virtualNetworkGateway2": {
                    "id": "[resourceId('Microsoft.Network/virtualNetworkGateways',variables('vNet3').gatewayName)]"
                },
                "connectionType": "Vnet2Vnet",
                "routingWeight": 3,
                "sharedKey": "[parameters('sharedKey')]",
                "enableBGP": true
            }
        },
        {
            "apiVersion": "2020-05-01",
            "type": "Microsoft.Network/connections",
            "name": "[variables('vNet3').connectionName]",
            "location": "[parameters('location')]",
            "dependsOn": [
                "[resourceId('Microsoft.Network/virtualNetworkGateways/', variables('vNet2').gatewayName)]",
                "[resourceId('Microsoft.Network/virtualNetworkGateways/', variables('vNet3').gatewayName)]"
            ],
            "comments": "This is the VPN connection from Gateway 3 to Gateway 2",
            "properties": {
                "virtualNetworkGateway1": {
                    "id": "[resourceId('Microsoft.Network/virtualNetworkGateways',variables('vNet3').gatewayName)]"
                },
                "virtualNetworkGateway2": {
                    "id": "[resourceId('Microsoft.Network/virtualNetworkGateways',variables('vNet2').gatewayName)]"
                },
                "connectionType": "Vnet2Vnet",
                "routingWeight": 3,
                "sharedKey": "[parameters('sharedKey')]",
                "enableBGP": true
            }
        }
    ]
}
