{
  "$schema": "https://schema.management.azure.com/schemas/2019-04-01/deploymentParameters.json#",
  "contentVersion": "1.0.0.0",
  "parameters": {
    "virtualNetworkName": {
      "value": "First_ARM_VNet"
    },
    "addressPrefix": {
      "value": "10.0.0.0/16"
    },
    "FESubnetPrefix": {
      "value": "10.0.0.0/24"
    },
    "AppSubnetPrefix": {
      "value": "10.0.1.0/24"
    },
    "DBSubnetPrefix": {
      "value": "10.0.2.0/24"
    },
    "FENSGName": {
      "value": "fensg"
    },
    "AppNSGName": {
      "value": "appnsg"
    },
    "DBNSGName": {
      "value": "dbnsg"
    }
  }
}
