{
    "$schema": "https://schema.management.azure.com/schemas/2019-04-01/deploymentParameters.json#",
    "contentVersion": "1.0.0.0",
    "parameters": {
        "vWANname": {
            "value": "vwan1"
        },
        "hub1_location": {
            "value": "West Europe"
        },
        "hub2_location": {
            "value": "North Europe"
        },
        "Hub1_PublicCertificateDataForP2S": {
            "value": "GEN-SELFSIGNED-CERT-CERDATA"
        },
        "Hub2_PublicCertificateDataForP2S": {
            "value": "GEN-SELFSIGNED-CERT-CERDATA"
        }
    }
}
