{
  "$schema": "https://aka.ms/azure-quickstart-templates-metadata-schema#",
  "type": "QuickStart",
  "itemDisplayName": "Azure Virtual WAN (vWAN) Multi-Hub Deployment",
  "description": "This template allows you to create an Azure Virtual WAN (vWAN) multi-hub deployment including all gateways and VNET connections.",
  "summary": "Create an Azure Virtual WAN (vWAN) Multi-Hub Deployment",
  "githubUsername": "igorpag",
  "dateUpdated": "2021-05-14",
  "environments": [
    "AzureCloud"
  ],
  "tags.resource": "Azure Virtual WAN",
  "tags.level": "intermediate",
  "tags.cost": "$$$"
}