{
    "$schema": "https://schema.management.azure.com/schemas/2019-04-01/deploymentParameters.json#",
    "contentVersion": "1.0.0.0",
    "parameters": {
        "frontDoorName": {
            "value": "GEN-FRONTDOOR-NAME"
        },      
        "customDomainName": {
            "value": "GEN-FRONTDOOR-CUSTOM-HOSTNAME"
        },
        "certificateKeyVaultResourceId": {
            "value": "GEN-KEYVAULT-RESOURCE-ID"
        },
        "certificateKeyVaultSecretName": {
            "value": "GEN-KEYVAULT-SSL-SECRET-NAME"
        },
        "backendAddress": {
            "value": "GEN-STATIC-WEBSITE-HOST-NAME"
        }
    }
}
