{
  "$schema": "https://aka.ms/azure-quickstart-templates-metadata-schema#",
  "type": "QuickStart",
  "itemDisplayName": "Add custom domain and custom certificate with Front Door",
  "description": "This template onboards and secures a custom domain with Front Door with a customer-managed certificate",
  "summary": "This template adds and secures a custom domain to your Front Door with a customer-managed certificate.",
  "githubUsername": "johndowns",
  "docOwner": "johndowns",
  "dateUpdated": "2021-09-28",
  "environments": [
    "AzureCloud"
  ]
}
