{
  "$schema": "https://aka.ms/azure-quickstart-templates-metadata-schema#",
  "type": "QuickStart",
  "itemDisplayName": "Create a basic Front Door",
  "description": "This template creates a basic Front Door configuration with a single backend.",
  "summary": "This template creates a basic Front Door configuration with a single backend, single default path match '/*' and no custom domain.",
  "githubUsername": "sfigue",
  "docOwner": "duongau",
  "dateUpdated": "2022-01-09",
  "environments": [
    "AzureCloud"
  ]
}