{
  "$schema": "https://schema.management.azure.com/schemas/2019-04-01/deploymentTemplate.json#",
  "contentVersion": "1.0.0.0",
  "parameters": {
    "storageAccountName": {
      "type": "string",
      "metadata": {
        "description": "The name of the Data Lake Store account to create."
      }
    },
    "adlAnalyticsName": {
      "type": "string",
      "metadata": {
        "description": "The name of the Data Lake Analytics account to create."
      }
    },
    "adlStoreName": {
      "type": "string",
      "metadata": {
        "description": "The name of the Data Lake Store account to create."
      }
    },
    "dataLakeAnalyticsLocation": {
      "type": "string",
      "metadata": {
        "description": "Location of the data lake analytics. "
      }
    }
  },
  "resources": [
    {
      "type": "Microsoft.DataLakeStore/accounts",
      "name": "[parameters('adlStoreName')]",
      "apiVersion": "2016-11-01",
      "location": "[parameters('dataLakeAnalyticsLocation')]"
    },
    {
      "type": "Microsoft.DataLakeAnalytics/accounts",
      "name": "[parameters('adlAnalyticsName')]",
      "apiVersion": "2019-11-01-preview",
      "location": "[parameters('dataLakeAnalyticsLocation')]",
      "dependsOn": [
        "[resourceId('Microsoft.DataLakeStore/accounts/', parameters('adlStoreName'))]"
      ],
      "properties": {
        "defaultDataLakeStoreAccount": "[parameters('adlStoreName')]",
        "dataLakeStoreAccounts": [
          {
            "name": "[parameters('adlStoreName')]"
          }
        ],
        "storageAccounts": [
          {
            "name": "[parameters('storageAccountName')]",
            "properties": {
              "accessKey": "[listKeys(resourceId('Microsoft.Storage/storageAccounts',parameters('storageAccountName')),'2021-01-01').keys[0].value]"
            }
          }
        ]
      }
    }
  ]
}
