{
  "$schema": "https://schema.management.azure.com/schemas/2019-04-01/deploymentTemplate.json#",
  "contentVersion": "1.0.0.0",
  "metadata": {
    "_generator": {
      "name": "bicep",
      "version": "0.4.613.9944",
      "templateHash": "15695948123568299956"
    }
  },
  "parameters": {
    "nsgName": {
      "type": "string",
      "defaultValue": "[uniqueString(resourceGroup().id)]",
      "metadata": {
        "description": "Network security group name"
      }
    },
    "location": {
      "type": "string",
      "defaultValue": "[resourceGroup().location]",
      "metadata": {
        "description": "Network security group location"
      }
    },
    "securityRules": {
      "type": "array",
      "defaultValue": [],
      "metadata": {
        "description": "Array containing security rules. For properties format refer to https://docs.microsoft.com/en-us/azure/templates/microsoft.network/networksecuritygroups?tabs=bicep#securityrulepropertiesformat"
      }
    },
    "enableDeleteLock": {
      "type": "bool",
      "defaultValue": false,
      "metadata": {
        "description": "Enable delete lock"
      }
    },
    "enableDiagnostics": {
      "type": "bool",
      "defaultValue": false,
      "metadata": {
        "description": "Enable diagnostic logs"
      }
    },
    "diagnosticStorageAccountId": {
      "type": "string",
      "defaultValue": "",
      "metadata": {
        "description": "Storage account resource id. Only required if enableDiagnostics is set to true."
      }
    },
    "logAnalyticsWorkspaceId": {
      "type": "string",
      "defaultValue": "",
      "metadata": {
        "description": "Log analytics workspace resource id. Only required if enableDiagnostics is set to true."
      }
    }
  },
  "functions": [],
  "variables": {
    "lockName": "[format('{0}-lck', parameters('nsgName'))]",
    "diagnosticsName": "[format('{0}-dgs', parameters('nsgName'))]"
  },
  "resources": [
    {
      "type": "Microsoft.Network/networkSecurityGroups",
      "apiVersion": "2021-02-01",
      "name": "[parameters('nsgName')]",
      "location": "[parameters('location')]",
      "properties": {
        "copy": [
          {
            "name": "securityRules",
            "count": "[length(parameters('securityRules'))]",
            "input": {
              "name": "[parameters('securityRules')[copyIndex('securityRules')].name]",
              "properties": "[parameters('securityRules')[copyIndex('securityRules')].properties]"
            }
          }
        ]
      }
    },
    {
      "condition": "[parameters('enableDiagnostics')]",
      "type": "Microsoft.Insights/diagnosticSettings",
      "apiVersion": "2021-05-01-preview",
      "scope": "[format('Microsoft.Network/networkSecurityGroups/{0}', parameters('nsgName'))]",
      "name": "[variables('diagnosticsName')]",
      "properties": {
        "workspaceId": "[if(empty(parameters('logAnalyticsWorkspaceId')), null(), parameters('logAnalyticsWorkspaceId'))]",
        "storageAccountId": "[if(empty(parameters('diagnosticStorageAccountId')), null(), parameters('diagnosticStorageAccountId'))]",
        "logs": [
          {
            "category": "NetworkSecurityGroupEvent",
            "enabled": true
          },
          {
            "category": "NetworkSecurityGroupRuleCounter",
            "enabled": true
          }
        ]
      },
      "dependsOn": [
        "[resourceId('Microsoft.Network/networkSecurityGroups', parameters('nsgName'))]"
      ]
    },
    {
      "condition": "[parameters('enableDeleteLock')]",
      "type": "Microsoft.Authorization/locks",
      "apiVersion": "2017-04-01",
      "scope": "[format('Microsoft.Network/networkSecurityGroups/{0}', parameters('nsgName'))]",
      "name": "[variables('lockName')]",
      "properties": {
        "level": "CanNotDelete"
      },
      "dependsOn": [
        "[resourceId('Microsoft.Network/networkSecurityGroups', parameters('nsgName'))]"
      ]
    }
  ],
  "outputs": {
    "name": {
      "type": "string",
      "value": "[parameters('nsgName')]"
    },
    "id": {
      "type": "string",
      "value": "[resourceId('Microsoft.Network/networkSecurityGroups', parameters('nsgName'))]"
    }
  }
}