{
  "$schema": "https://schema.management.azure.com/schemas/2019-04-01/deploymentTemplate.json#",
  "contentVersion": "1.0.0.0",
  "metadata": {
    "_generator": {
      "name": "bicep",
      "version": "0.4.613.9944",
      "templateHash": "5948937628789130063"
    }
  },
  "parameters": {
    "vnetName": {
      "type": "string",
      "defaultValue": "[uniqueString(resourceGroup().id)]",
      "metadata": {
        "description": "Virtual network name"
      }
    },
    "location": {
      "type": "string",
      "defaultValue": "[resourceGroup().location]",
      "metadata": {
        "description": "Virtual network location"
      }
    },
    "vnetAddressSpace": {
      "type": "array",
      "defaultValue": [
        "10.0.0.0/16"
      ],
      "metadata": {
        "description": "Array containing virtual network address space(s)"
      }
    },
    "dnsServers": {
      "type": "array",
      "defaultValue": [],
      "metadata": {
        "description": "Array containing DNS Servers"
      }
    },
    "subnets": {
      "type": "array",
      "defaultValue": [
        {
          "name": "subnet1",
          "addressPrefix": "10.0.1.0/24",
          "privateEndpointNetworkPolicies": "disabled",
          "privateLinkServiceNetworkPolicies": "disabled"
        }
      ],
      "metadata": {
        "description": "Array containing subnets to create within the Virtual Network. For properties format refer to https://docs.microsoft.com/en-us/azure/templates/microsoft.network/virtualnetworks/subnets?tabs=bicep#subnetpropertiesformat"
      }
    },
    "enableDeleteLock": {
      "type": "bool",
      "defaultValue": false,
      "metadata": {
        "description": "Enable delete lock"
      }
    },
    "enableDiagnostics": {
      "type": "bool",
      "defaultValue": false,
      "metadata": {
        "description": "Enable diagnostic logs"
      }
    },
    "diagnosticStorageAccountId": {
      "type": "string",
      "defaultValue": "",
      "metadata": {
        "description": "Storage account resource id. Only required if enableDiagnostics is set to true."
      }
    },
    "logAnalyticsWorkspaceId": {
      "type": "string",
      "defaultValue": "",
      "metadata": {
        "description": "Log analytics workspace resource id. Only required if enableDiagnostics is set to true."
      }
    }
  },
  "functions": [],
  "variables": {
    "lockName": "[format('{0}-lck', parameters('vnetName'))]",
    "diagnosticsName": "[format('{0}-dgs', parameters('vnetName'))]"
  },
  "resources": [
    {
      "type": "Microsoft.Network/virtualNetworks",
      "apiVersion": "2021-02-01",
      "name": "[parameters('vnetName')]",
      "location": "[parameters('location')]",
      "properties": {
        "copy": [
          {
            "name": "subnets",
            "count": "[length(parameters('subnets'))]",
            "input": {
              "name": "[parameters('subnets')[copyIndex('subnets')].name]",
              "properties": {
                "addressPrefix": "[parameters('subnets')[copyIndex('subnets')].addressPrefix]",
                "delegations": "[if(contains(parameters('subnets')[copyIndex('subnets')], 'delegation'), createArray(createObject('name', format('{0}-delegation', parameters('subnets')[copyIndex('subnets')].name), 'properties', createObject('serviceName', parameters('subnets')[copyIndex('subnets')].delegation))), createArray())]",
                "natGateway": "[if(contains(parameters('subnets')[copyIndex('subnets')], 'natGatewayId'), createObject('id', parameters('subnets')[copyIndex('subnets')].natGatewayId), null())]",
                "networkSecurityGroup": "[if(contains(parameters('subnets')[copyIndex('subnets')], 'nsgId'), createObject('id', parameters('subnets')[copyIndex('subnets')].nsgId), null())]",
                "routeTable": "[if(contains(parameters('subnets')[copyIndex('subnets')], 'udrId'), createObject('id', parameters('subnets')[copyIndex('subnets')].udrId), null())]",
                "privateEndpointNetworkPolicies": "[parameters('subnets')[copyIndex('subnets')].privateEndpointNetworkPolicies]",
                "privateLinkServiceNetworkPolicies": "[parameters('subnets')[copyIndex('subnets')].privateLinkServiceNetworkPolicies]",
                "serviceEndpoints": "[if(contains(parameters('subnets')[copyIndex('subnets')], 'serviceEndpoints'), parameters('subnets')[copyIndex('subnets')].serviceEndpoints, null())]"
              }
            }
          }
        ],
        "addressSpace": {
          "addressPrefixes": "[parameters('vnetAddressSpace')]"
        },
        "dhcpOptions": "[if(empty(parameters('dnsServers')), null(), createObject('dnsServers', parameters('dnsServers')))]"
      }
    },
    {
      "condition": "[parameters('enableDiagnostics')]",
      "type": "Microsoft.Insights/diagnosticSettings",
      "apiVersion": "2021-05-01-preview",
      "scope": "[format('Microsoft.Network/virtualNetworks/{0}', parameters('vnetName'))]",
      "name": "[variables('diagnosticsName')]",
      "properties": {
        "workspaceId": "[if(empty(parameters('logAnalyticsWorkspaceId')), null(), parameters('logAnalyticsWorkspaceId'))]",
        "storageAccountId": "[if(empty(parameters('diagnosticStorageAccountId')), null(), parameters('diagnosticStorageAccountId'))]",
        "logs": [
          {
            "category": "VMProtectionAlerts",
            "enabled": true
          }
        ],
        "metrics": [
          {
            "category": "AllMetrics",
            "enabled": true
          }
        ]
      },
      "dependsOn": [
        "[resourceId('Microsoft.Network/virtualNetworks', parameters('vnetName'))]"
      ]
    },
    {
      "condition": "[parameters('enableDeleteLock')]",
      "type": "Microsoft.Authorization/locks",
      "apiVersion": "2017-04-01",
      "scope": "[format('Microsoft.Network/virtualNetworks/{0}', parameters('vnetName'))]",
      "name": "[variables('lockName')]",
      "properties": {
        "level": "CanNotDelete"
      },
      "dependsOn": [
        "[resourceId('Microsoft.Network/virtualNetworks', parameters('vnetName'))]"
      ]
    }
  ],
  "outputs": {
    "name": {
      "type": "string",
      "value": "[parameters('vnetName')]"
    },
    "id": {
      "type": "string",
      "value": "[resourceId('Microsoft.Network/virtualNetworks', parameters('vnetName'))]"
    }
  }
}