{
  "$schema": "https://aka.ms/azure-quickstart-templates-metadata-schema#",
  "type": "QuickStart",
  "itemDisplayName": "Create Front Door with caching enabled for certain routes",
  "description": "This template creates a Front Door with caching enabled for the defined routing configuration thus caching any static assets for your workload.",
  "summary": "This template creates a Front Door with caching enabled for the defined routing configuration thus caching any static assets for your workload.",
  "githubUsername": "victorar",
  "dateUpdated": "2021-06-07"
}