{
  "$schema": "https://schema.management.azure.com/schemas/2019-04-01/deploymentTemplate.json#",
  "contentVersion": "1.0.0.0",
  "parameters": {
    "vNetName": {
      "type": "string"
    },
    "location": {
      "type": "string",
      "defaultValue": "[resourceGroup().location]",
      "metadata": {
        "description": "Location for all resources."
      }
    }
  },
  "variables": {
    "vNetPrefix": "10.0.0.0/16",
    "SubnetName": "default",
    "SubnetPrefix": "10.0.0.0/24"
  },
  "resources": [
    {
      "name": "[parameters('vNetName')]",
      "type": "Microsoft.Network/virtualNetworks",
      "location": "[parameters('location')]",
      "apiVersion": "2020-05-01",
      "tags": {
        "displayName": "vNet"
      },
      "properties": {
        "addressSpace": {
          "addressPrefixes": [
            "[variables('vNetPrefix')]"
          ]
        },
        "subnets": [
          {
            "name": "[variables('SubnetName')]",
            "properties": {
              "addressPrefix": "[variables('SubnetPrefix')]"
            }
          }
        ]
      }
    }
  ],
  "outputs": {
    "virtualNetworkResourceGroupName": {
      "type": "string",
      "value": "[resourceGroup().name]"
    },
    "virtualNetworkName": {
      "type": "string",
      "value": "[parameters('vNetName')]"
    },
    "subnetName": {
      "type": "string",
      "value": "[variables('SubnetName')]"
    }
  }
}
