{
  "$schema": "https://schema.management.azure.com/schemas/2019-04-01/deploymentTemplate.json#",
  "contentVersion": "1.0.0.0",
  "parameters": {
    "adminUsername": {
      "type": "string",
      "metadata": {
        "description": "Admin username"
      }
    },
    "adminPassword": {
      "type": "securestring",
      "metadata": {
        "description": "Admin password"
      }
    },
    "dnsNameforIPv4LbIP": {
      "type": "string",
      "metadata": {
        "description": "DNS prefix for IPv4 IP Address of the load balancer. It must be lowercase and match the regex: ^[a-z][a-z0-9-]{1,61}[a-z0-9]$."
      }
    },
    "vmSize": {
      "type": "string",
      "defaultValue":"Standard_D2s_v3",
      "metadata": {
        "description": "Default VM size"
      }
    },
    "location": {
      "type": "string",
      "defaultValue":"[resourceGroup().location]",
      "metadata": {
        "description": "Default VM size"
      }
    },
    "dnsNameforIPv6LbIP": {
      "type": "string",
      "metadata": {
        "description": "DNS prefix for IPv6 IP Address of the load balancer. It must be lowercase and match the regex: ^[a-z][a-z0-9-]{1,61}[a-z0-9]$."
      }
    }
  },
  "variables": {
    "vmNamePrefix": "myIPv6VM",
    "nicNamePrefix": "IPv6Nic",
    "availabilitySetName": "myIPv6AvSet",
    "addressPrefix": "10.0.0.0/16",
    "subnetName": "myIPv4Subnet",
    "subnetPrefix": "10.0.0.0/24",
    "vnetName": "myIPv4VNet",
    "ipv4PrivateIPAddressType": "Dynamic",
    "ipv6PrivateIPAddressType": "Dynamic",
    "numberOfInstances": 2,
    "ipv6PublicIPAddressName": "myIPv6PublicIP",
    "ipv4PublicIPAddressName": "myIPv4PublicIP",
    "ipv4PublicIPAddressType": "Dynamic",
    "ipv6PublicIPAddressType": "Dynamic",
    "lbName": "myIPv4IPv6LB",
    "ipv6FrontEndIPConfigID": "[resourceId('Microsoft.Network/loadBalancers/frontendIPConfigurations',variables('lbName'),'LoadBalancerFrontEndIPv6')]",
    "ipv4LbBackendPoolID": "[resourceId('Microsoft.Network/loadBalancers/backendAddressPools',variables('lbName'),'BackendPoolIPv4')]",
    "ipv6LbBackendPoolID": "[resourceId('Microsoft.Network/loadBalancers/backendAddressPools',variables('lbName'),'BackendPoolIPv6')]",
    "ipv4ipv6lbProbeName": "tcpProbeIPv4IPv6",
    "ipv4ipv6lbProbeID": "[resourceId('Microsoft.Network/loadBalancers/probes',variables('lbName'), variables('ipv4ipv6lbProbeName'))]",
    "networkSecurityGroupName": "[concat(variables('subnetName'), '-nsg')]"
  },
  "resources": [
    {
      "type": "Microsoft.Compute/availabilitySets",
      "name": "[variables('availabilitySetName')]",
      "apiVersion": "2020-12-01",
      "location": "[parameters('location')]",
      "properties": {
        "platformFaultDomainCount": 2,
        "platformUpdateDomainCount": 2
      },
      "sku":{
        "name":"Aligned"
      }
    },
    {
      "apiVersion": "2016-03-30",
      "type": "Microsoft.Network/publicIPAddresses",
      "name": "[variables('ipv4PublicIPAddressName')]",
      "location": "[parameters('location')]",
      "properties": {
        "publicIPAddressVersion": "IPv4",
        "publicIPAllocationMethod": "[variables('ipv4PublicIPAddressType')]",
        "dnsSettings": {
          "domainNameLabel": "[parameters('dnsNameforIPv4LbIP')]"
        }
      }
    },
    {
      "apiVersion": "2016-03-30",
      "type": "Microsoft.Network/publicIPAddresses",
      "name": "[variables('ipv6PublicIPAddressName')]",
      "location": "[parameters('location')]",
      "properties": {
        "publicIPAddressVersion": "IPv6",
        "publicIPAllocationMethod": "[variables('ipv6PublicIPAddressType')]",
        "dnsSettings": {
          "domainNameLabel": "[parameters('dnsNameforIPv6LbIP')]"
        }
      }
    },
    {
      "comments": "Simple Network Security Group for subnet [variables('subnetName')]",
      "type": "Microsoft.Network/networkSecurityGroups",
      "apiVersion": "2019-08-01",
      "name": "[variables('networkSecurityGroupName')]",
      "location": "[parameters('location')]",
      "properties": {}
    },
    {
      "apiVersion": "2016-03-30",
      "type": "Microsoft.Network/virtualNetworks",
      "name": "[variables('vnetName')]",
      "location": "[parameters('location')]",
      "dependsOn": [
        "[resourceId('Microsoft.Network/networkSecurityGroups', variables('networkSecurityGroupName'))]"
      ],
      "properties": {
        "addressSpace": {
          "addressPrefixes": [
            "[variables('addressPrefix')]"
          ]
        },
        "subnets": [
          {
            "name": "[variables('subnetName')]",
            "properties": {
              "addressPrefix": "[variables('subnetPrefix')]",
              "networkSecurityGroup": {
                "id": "[resourceId('Microsoft.Network/networkSecurityGroups', variables('networkSecurityGroupName'))]"
              }
            }
          }
        ]
      }
    },
    {
      "apiVersion": "2018-01-01",
      "type": "Microsoft.Network/networkInterfaces",
      "name": "[concat(variables('nicNamePrefix'), copyindex())]",
      "location": "[parameters('location')]",
      "copy": {
        "name": "nicLoop",
        "count": "[variables('numberOfInstances')]"
      },
      "dependsOn": [
        "[resourceId('Microsoft.Network/virtualNetworks', variables('vnetName'))]",
        "[resourceId('Microsoft.Network/loadBalancers', variables('lbName'))]"
      ],
      "properties": {
        "ipConfigurations": [
          {
            "name": "ipv4IPConfig",
            "properties": {
              "privateIPAddressVersion": "IPv4",
              "privateIPAllocationMethod": "[variables('ipv4PrivateIPAddressType')]",
              "subnet": {
                "id": "[resourceId('Microsoft.Network/virtualNetworks/subnets',variables('vnetName'), variables('subnetName'))]"
              },
              "loadBalancerBackendAddressPools": [
                {
                  "id": "[variables('ipv4LbBackendPoolID')]"
                }
              ],
              "loadBalancerInboundNatRules": [
                {
                  "id": "[resourceId('Microsoft.Network/loadBalancers/inboundNatRules',variables('lbName'),concat('RDP-VM', copyindex()))]"
                }
              ]
            }
          },
          {
            "name": "ipv6IPConfig",
            "properties": {
              "privateIPAddressVersion": "IPv6",
              "privateIPAllocationMethod": "[variables('ipv6PrivateIPAddressType')]",
              "loadBalancerBackendAddressPools": [
                {
                  "id": "[variables('ipv6LbBackendPoolID')]"
                }
              ]
            }
          }
        ]
      }
    },
    {
      "apiVersion": "2016-03-30",
      "name": "[variables('lbName')]",
      "type": "Microsoft.Network/loadBalancers",
      "location": "[parameters('location')]",
      "dependsOn": [
        "[resourceId('Microsoft.Network/publicIPAddresses', variables('ipv4PublicIPAddressName'))]",
        "[resourceId('Microsoft.Network/publicIPAddresses', variables('ipv6PublicIPAddressName'))]"
      ],
      "properties": {
        "frontendIPConfigurations": [
          {
            "name": "LoadBalancerFrontEndIPv4",
            "properties": {
              "publicIPAddress": {
                "id": "[resourceId('Microsoft.Network/publicIPAddresses',variables('ipv4PublicIPAddressName'))]"
              }
            }
          },
          {
            "name": "LoadBalancerFrontEndIPv6",
            "properties": {
              "publicIPAddress": {
                "id": "[resourceId('Microsoft.Network/publicIPAddresses',variables('ipv6PublicIPAddressName'))]"
              }
            }
          }
        ],
        "backendAddressPools": [
          {
            "name": "BackendPoolIPv4"
          },
          {
            "name": "BackendPoolIPv6"
          }
        ],
        "inboundNatRules": [
          {
            "name": "RDP-VM0",
            "properties": {
              "frontendIPConfiguration": {
                "id": "[resourceId('Microsoft.Network/loadBalancers/frontendIPConfigurations',variables('lbName'),'LoadBalancerFrontEndIPv4')]"
              },
              "protocol": "Tcp",
              "frontendPort": 50001,
              "backendPort": 3389,
              "enableFloatingIP": false
            }
          },
          {
            "name": "RDP-VM1",
            "properties": {
              "frontendIPConfiguration": {
                "id": "[resourceId('Microsoft.Network/loadBalancers/frontendIPConfigurations',variables('lbName'),'LoadBalancerFrontEndIPv4')]"
              },
              "protocol": "Tcp",
              "frontendPort": 50002,
              "backendPort": 3389,
              "enableFloatingIP": false
            }
          }
        ],
        "loadBalancingRules": [
          {
            "name": "LBRuleIPv4",
            "properties": {
              "frontendIPConfiguration": {
                "id": "[resourceId('Microsoft.Network/loadBalancers/frontendIPConfigurations',variables('lbName'),'LoadBalancerFrontEndIPv4')]"
              },
              "backendAddressPool": {
                "id": "[variables('ipv4LbBackendPoolID')]"
              },
              "protocol": "Tcp",
              "frontendPort": 80,
              "backendPort": 80,
              "enableFloatingIP": false,
              "idleTimeoutInMinutes": 5,
              "probe": {
                "id": "[variables('ipv4ipv6lbProbeID')]"
              }
            }
          },
          {
            "name": "LBRuleIPv6",
            "properties": {
              "frontendIPConfiguration": {
                "id": "[variables('ipv6FrontEndIPConfigID')]"
              },
              "backendAddressPool": {
                "id": "[variables('ipv6LbBackendPoolID')]"
              },
              "protocol": "Tcp",
              "frontendPort": 80,
              "backendPort": 8080,
              "probe": {
                "id": "[variables('ipv4ipv6lbProbeID')]"
              }
            }
          }
        ],
        "probes": [
          {
            "name": "[variables('ipv4ipv6lbProbeName')]",
            "properties": {
              "protocol": "Tcp",
              "port": 80,
              "intervalInSeconds": 5,
              "numberOfProbes": 2
            }
          }
        ]
      }
    },
    {
      "apiVersion": "2020-12-01",
      "type": "Microsoft.Compute/virtualMachines",
      "name": "[concat(variables('vmNamePrefix'), copyindex())]",
      "copy": {
        "name": "virtualMachineLoop",
        "count": "[variables('numberOfInstances')]"
      },
      "location": "[parameters('location')]",
      "dependsOn": [
        "[resourceId('Microsoft.Network/networkInterfaces/',concat(variables('nicNamePrefix'),copyindex()))]",
        "[resourceId('Microsoft.Compute/availabilitySets', variables('availabilitySetName'))]"
      ],
      "properties": {
        "availabilitySet": {
          "id": "[resourceId('Microsoft.Compute/availabilitySets',variables('availabilitySetName'))]"
        },
        "hardwareProfile": {
          "vmSize": "[parameters('vmSize')]"
        },
        "osProfile": {
          "computerName": "[concat(variables('vmNamePrefix'), copyIndex())]",
          "adminUsername": "[parameters('adminUsername')]",
          "adminPassword": "[parameters('adminPassword')]"
        },
        "storageProfile": {
          "imageReference": {
            "publisher": "MicrosoftWindowsServer",
            "offer": "WindowsServer",
            "sku": "2012-R2-Datacenter",
            "version": "latest"
          },
          "osDisk": {
            "createOption": "FromImage"
          }
        },
        "networkProfile": {
          "networkInterfaces": [
            {
              "id": "[resourceId('Microsoft.Network/networkInterfaces',concat(variables('nicNamePrefix'),copyindex()))]"
            }
          ]
        }
      }
    }
  ]
}

