{
    "$schema": "https://schema.management.azure.com/schemas/2019-04-01/deploymentParameters.json#",
    "contentVersion": "1.0.0.0",
    "parameters": {
        "virtualMachineName": {
            "value": "myVM"
        },
        "virtualMachineSize": {
            "value": "Standard_D8s_v3"
        },
        "adminUsername": {
            "value": "myVmAdmin"
        },
        "storageAccountType": {
            "value": "Premium_LRS"
        },
        "sqlAutobackupStorageAccountName": {
            "value": "GEN-UNIQUE"
        },
        "networkInterfaceName": {
            "value": "GEN-UNIQUE-13"
        },
        "networkSecurityGroupName": {
            "value": "GEN-UNIQUE-13"
        },
        "adminPassword": {
            "value": "GEN-PASSWORD"
        },
        "virtualNetworkName": {
            "value": "GEN-UNIQUE-13"
        },
        "addressPrefix": {
            "value": "10.0.0.0/16"
        },
        "subnetName": {
            "value": "default"
        },
        "subnetPrefix": {
            "value": "10.0.0.0/24"
        },
        "publicIpAddressName": {
            "value": "GEN-UNIQUE-13"
        },
        "publicIpAddressType": {
            "value": "Dynamic"
        },
        "sqlConnectivityType": {
            "value": "Public"
        },
        "sqlPortNumber": {
            "value": 1579
        },
        "sqlStorageDisksCount": {
            "value": 2
        },
        "sqlStorageWorkloadType": {
            "value": "GENERAL"
        },
        "sqlAutobackupRetentionPeriod": {
            "value": "30"
        },
        "sqlAutobackupEncryptionPassword": {
            "value": "GEN-PASSWORD"
        },
        "sqlAuthenticationLogin": {
            "value": "mySqlAdmin"
        },
        "sqlAuthenticationPassword": {
            "value": "GEN-PASSWORD"
        }
    }
}

