{
    "$schema": "https://schema.management.azure.com/schemas/2019-04-01/deploymentParameters.json#",
    "contentVersion": "1.0.0.0",
    "parameters": {
        "location": {
            "value": "GET-PREREQ-existingVirtualNetworkLocation"
        },
        "existingVirtualNetworkResourceGroupName": {
            "value": "GET-PREREQ-existingVirtualNetworkResourceGroupName"
        },
        "existingVirtualNetworkName": {
            "value": "GET-PREREQ-existingVirtualNetworkName"
        },
        "existingSubnetName": {
            "value": "GET-PREREQ-existingSubnetName"
        },
        "newNsgName": {
            "value": "GEN-UNIQUE"
        }
    }
}
