{
  "$schema": "https://aka.ms/azure-quickstart-templates-metadata-schema#",
  "type": "QuickStart",
  "itemDisplayName": "Add an NSG with Redis security rules to an existing subnet",
  "description": "This template allows you to add an NSG with preconfigured Azure Redis Cache security rules to an existing subnet within a VNET. Deploy into the resource group of the existing VNET.",
  "summary": "This template allows you to add an NSG with Azure Redis Cache security rules to an existing subnet within a VNET.",
  "githubUsername": "asasine",
  "dateUpdated": "2021-04-29"
}