{
  "$schema": "https://aka.ms/azure-quickstart-templates-metadata-schema#",
  "type": "QuickStart",
  "itemDisplayName": "Front Door Standard/Premium with API Management origin",
  "description": "This template creates a Front Door Premium (Preview) and an API Management instance, and uses an NSG and global API Management policy to validate that traffic has come through the Front Door origin.",
  "summary": "This template creates a Front Door Premium (Preview) and an API Management instance, and uses an NSG and global API Management policy to validate that traffic has come through the Front Door origin.",
  "githubUsername": "johndowns",
  "docOwner": "johndowns",
  "dateUpdated": "2021-07-28",
  "environments": [
    "AzureCloud"
  ]
}