{
  "$schema": "https://aka.ms/azure-quickstart-templates-metadata-schema#",
  "type": "QuickStart",
  "itemDisplayName": "Front Door Premium with WAF and Microsoft-managed rule sets",
  "description": "This template creates a Front Door Premium (Preview) including a web application firewall with the Microsoft-managed default and bot protection rule sets.",
  "summary": "This template creates a Front Door Premium (Preview) including a web application firewall with the Microsoft-managed default and bot protection rule sets.",
  "githubUsername": "johndowns",
  "docOwner": "johndowns",
  "dateUpdated": "2021-06-18",
  "environments": [
    "AzureCloud"
  ]
}