{
    "$schema": "https://schema.management.azure.com/schemas/2019-04-01/deploymentTemplate.json#",
    "contentVersion": "1.0.0.0",
    "parameters": {
        "wafPolicyName": {
            "type": "string",
            "metadata": {
                "description": "The name of the WAF policy"
            }
        },
        "wafMode": {
            "type": "string",
            "allowedValues": [
                "Detection",
                "Prevention"
            ],
            "defaultValue": "Detection",
            "metadata": {
                "description": "Describes if it is in detection mode or prevention mode at policy level."
            }
        }
    },
    "variables": {
        "wafLocation": "global"
    },
    "resources": [
        {
            "apiVersion": "2019-03-01",
            "type": "Microsoft.Network/FrontDoorWebApplicationFirewallPolicies",
            "name": "[parameters('wafPolicyName')]",
            "location": "[variables('wafLocation')]",            
            "properties": {
                "policySettings": {
                    "mode": "[parameters('wafMode')]",
                    "enabledState": "Enabled"
                },
                "managedRules": {
                    "managedRuleSets": [
                        {
                            "ruleSetType": "DefaultRuleSet",
                            "ruleSetVersion": "1.0"
                        }
                    ]
                }
            }
        }
    ],
    "outputs": {}
}
