{
  "$schema": "https://aka.ms/azure-quickstart-templates-metadata-schema#",
  "type": "QuickStart",
  "itemDisplayName": "ExpressRoute circuit with private peering and Azure VNet",
  "description": "This template configure ExpressRoute Microsoft peering, deploy an Azure VNet with Expressroute gateway and link the VNet to the ExpressRoute circuit",
  "summary": "Configure ExpressRoute private peering, deploy and connect an Azure VNet to an ExpressRoute circuit",
  "githubUsername": "fabferri",
  "docOwner": "duongau",
  "dateUpdated": "2021-04-26"
}