{
  "$schema": "https://schema.management.azure.com/schemas/2019-04-01/deploymentTemplate.json#",
  "contentVersion": "1.0.0.0",
  "parameters": {
    "existingTMProfileName": {
      "type": "string",
      "metadata": {
        "description": "Name of the traffic manager profile to add a endpoint to"
      }
    },
    "endpointName": {
      "type": "string",
      "metadata": {
        "description": "Name of the endpoint to add to traffic manager profile"
      }
    }
  },
  "variables": {
    "endpointStatus": "Enabled",
    "endpointMonitorStatus": "Degraded",
    "endpointLocation": "westus",
    "target": "www.msn.com",
    "weight": "3",
    "priority": "3"
  },
  "resources": [
    {
            "apiVersion": "2018-04-01",
            "type": "Microsoft.Network/TrafficManagerProfiles/ExternalEndpoints",
            "name": "[concat(parameters('existingTMProfileName'), '/', parameters('endpointName'))]",
            "properties": {
              "endpointStatus": "[variables('endpointStatus')]",
              "endpointLocation": "[variables('endpointLocation')]",
              "endpointMonitorStatus": "[variables('endpointMonitorStatus')]",
              "target": "[variables('target')]",
              "weight": "[variables('weight')]",
              "priority":"[variables('priority')]"
            }
    }
  ]
}

