{
  "$schema": "https://schema.management.azure.com/schemas/2019-04-01/deploymentTemplate.json#",
  "contentVersion": "1.0.0.0",
  "parameters": {
    "dnsNameforLBIP": {
      "type": "string",
      "metadata": {
        "description": "Unique DNS name"
      }
    },
    "addressPrefix": {
      "type": "string",
      "defaultValue": "10.0.0.0/16",
      "metadata": {
        "description": "Address Prefix"
      }
    },
    "subnetPrefix": {
      "type": "string",
      "defaultValue": "10.0.0.0/24",
      "metadata": {
        "description": "Subnet Prefix"
      }
    },
    "publicIPAddressType": {
      "type": "string",
      "defaultValue": "Dynamic",
      "allowedValues": [
        "Dynamic",
        "Static"
      ],
      "metadata": {
        "description": "Public IP type"
      }
    },
    "location": {
      "type": "string",
      "defaultValue": "[resourceGroup().location]",
      "metadata": {
        "description": "Location for all resources."
      }
    }
  },
  "variables": {
    "virtualNetworkName": "virtualNetwork1",
    "publicIPAddressName1": "publicIp1",
    "publicIPAddressName2": "publicIp2",
    "subnetName": "subnet1",
    "loadBalancerName": "loadBalancer1",
    "nicName": "networkInterface1",
    "subnetRef": "[resourceId('Microsoft.Network/virtualNetworks/subnets', variables('virtualNetworkName'), variables('subnetName'))]",
    "publicIPAddressID1": "[resourceId('Microsoft.Network/publicIPAddresses',variables('publicIPAddressName1'))]",
    "publicIPAddressID2": "[resourceId('Microsoft.Network/publicIPAddresses',variables('publicIPAddressName2'))]",
    "lbBackendPoolID": "[resourceId('Microsoft.Network/loadBalancers/backendAddressPools', variables('loadBalancerName'), 'loadBalancerBackend')]",
    "lbProbeID": "[resourceId('Microsoft.Network/loadBalancers/probes', variables('loadBalancerName'), 'tcpProbe')]",
    "frontEndIPConfigID1": "[resourceId('Microsoft.Network/loadBalancers/frontendIPConfigurations', variables('loadBalancerName'), 'loadBalancerFrontEnd1')]",
    "frontEndIPConfigID2": "[resourceId('Microsoft.Network/loadBalancers/frontendIPConfigurations', variables('loadBalancerName'), 'loadBalancerFrontEnd2')]"
  },
  "resources": [
    {
      "apiVersion": "2020-05-01",
      "type": "Microsoft.Network/publicIPAddresses",
      "name": "[variables('publicIPAddressName1')]",
      "location": "[parameters('location')]",
      "properties": {
        "publicIPAllocationMethod": "[parameters('publicIPAddressType')]",
        "dnsSettings": {
          "domainNameLabel": "[parameters('dnsNameforLBIP')]"
        }
      }
    },
    {
      "apiVersion": "2020-05-01",
      "type": "Microsoft.Network/publicIPAddresses",
      "name": "[variables('publicIPAddressName2')]",
      "location": "[parameters('location')]",
      "properties": {
        "publicIPAllocationMethod": "[parameters('publicIPAddressType')]"
      }
    },
    {
      "apiVersion": "2020-05-01",
      "type": "Microsoft.Network/virtualNetworks",
      "name": "[variables('virtualNetworkName')]",
      "location": "[parameters('location')]",
      "properties": {
        "addressSpace": {
          "addressPrefixes": [
            "[parameters('addressPrefix')]"
          ]
        },
        "subnets": [
          {
            "name": "[variables('subnetName')]",
            "properties": {
              "addressPrefix": "[parameters('subnetPrefix')]"
            }
          }
        ]
      }
    },
    {
      "apiVersion": "2020-05-01",
      "type": "Microsoft.Network/networkInterfaces",
      "name": "[variables('nicName')]",
      "location": "[parameters('location')]",
      "dependsOn": [
        "[resourceId('Microsoft.Network/virtualNetworks/', variables('virtualNetworkName'))]",
        "[resourceId('Microsoft.Network/loadBalancers/', variables('loadBalancerName'))]"
      ],
      "properties": {
        "ipConfigurations": [
          {
            "name": "ipconfig1",
            "properties": {
              "privateIPAllocationMethod": "Dynamic",
              "subnet": {
                "id": "[variables('subnetRef')]"
              },
              "loadBalancerBackendAddressPools": [
                {
                  "id": "[resourceId('Microsoft.Network/loadBalancers/backendAddressPools/', variables('loadBalancerName'), 'loadBalancerBackEnd')]"
                }
              ]
            }
          }
        ]
      }
    },
    {
      "apiVersion": "2020-05-01",
      "name": "[variables('loadBalancerName')]",
      "type": "Microsoft.Network/loadBalancers",
      "location": "[parameters('location')]",
      "dependsOn": [
        "[resourceId('Microsoft.Network/publicIPAddresses/', variables('publicIPAddressName1'))]",
        "[resourceId('Microsoft.Network/publicIPAddresses/', variables('publicIPAddressName2'))]"
      ],
      "properties": {
        "frontendIPConfigurations": [
          {
            "name": "loadBalancerFrontEnd1",
            "properties": {
              "publicIPAddress": {
                "id": "[variables('publicIPAddressID1')]"
              }
            }
          },
          {
            "name": "loadBalancerFrontEnd2",
            "properties": {
              "publicIPAddress": {
                "id": "[variables('publicIPAddressID2')]"
              }
            }
          }
        ],
        "backendAddressPools": [
          {
            "name": "loadBalancerBackEnd"
          }
        ],
        "loadBalancingRules": [
          {
            "name": "LBRuleForVIP1",
            "properties": {
              "frontendIPConfiguration": {
                "id": "[variables('frontEndIPConfigID1')]"
              },
              "backendAddressPool": {
                "id": "[variables('lbBackendPoolID')]"
              },
              "protocol": "Tcp",
              "frontendPort": 443,
              "backendPort": 443,
              "probe": {
                "id": "[variables('lbProbeID')]"
              }
            }
          },
          {
            "name": "LBRuleForVIP2",
            "properties": {
              "frontendIPConfiguration": {
                "id": "[variables('frontEndIPConfigID2')]"
              },
              "backendAddressPool": {
                "id": "[variables('lbBackendPoolID')]"
              },
              "protocol": "Tcp",
              "frontendPort": 443,
              "backendPort": 444,
              "probe": {
                "id": "[variables('lbProbeID')]"
              }
            }
          }
        ],
        "probes": [
          {
            "name": "tcpProbe",
            "properties": {
              "protocol": "Tcp",
              "port": 445,
              "intervalInSeconds": 5,
              "numberOfProbes": 2
            }
          }
        ]
      }
    }
  ]
}
