{
  "$schema": "https://aka.ms/azure-quickstart-templates-metadata-schema#",
  "type": "QuickStart",
  "itemDisplayName": "Load Balancer with 2 VIPs, each with one LB rule",
  "description": "This template allows you to create a Load Balancer, 2 Public IP addresses for the Load balancer (multivip), Virtual Network, Network Interface in the Virtual Network & a LB Rule in the Load Balancer that is used by the Network Interface.",
  "summary": "Load Balancer with 2 public IP addresses (VIP), each VIP associated to one LB rule",
  "githubUsername": "ypitsch",
  "dateUpdated": "2021-05-12"
}