{
  "$schema": "https://aka.ms/azure-quickstart-templates-metadata-schema#",
  "type": "QuickStart",
  "itemDisplayName": "Windows Server VM with SSH",
  "description": "Deploy a single Windows VM with Open SSH enabled so that you can connect through SSH using key-based authentication.",
  "summary": "Deploy a single Windows VM with Open SSH enabled so that you can connect through SSH using key-based authentication.",
  "githubUsername": "tfenster",
  "dateUpdated": "2022-01-11",
  "environments": [
    "AzureCloud"
  ]
}