{
  "$schema": "https://aka.ms/azure-quickstart-templates-metadata-schema#",
  "type": "QuickStart",
  "itemDisplayName": "Azure Route Server in BGP peering with Quagga",
  "description": "This template deploys a Router Server and Ubuntu VM with Quagga. Two external BGP sessions are established between the Router Server and Quagga. Installation and configuration of Quagga is executed by Azure custom script extension for linux",
  "summary": "Azure Route Server in BGP peering with Quagga",
  "githubUsername": "fabferri",
  "dateUpdated": "2021-11-17",
  "environments": [
    "AzureCloud"
  ]
}