{
  "$schema": "https://aka.ms/azure-quickstart-templates-metadata-schema#",
  "type": "QuickStart",
    "itemDisplayName": "Server managed by Desired State Configuration service",
    "description": "This template provides an example of how to deliver a virtual machine and and Automation account to manage the machine, in a single deployment",
    "summary": "Deploy a VM and maintain the state of the node using Azure Security and Operations Management service for Configuration Management.",
    "githubUsername": "mgreenegit",
    "dateUpdated": "2021-04-21"
  }
