{
  "$schema": "https://aka.ms/azure-quickstart-templates-metadata-schema#",
  "type": "QuickStart",
  "itemDisplayName": "Create WAF Geo Filtering rule for Azure Front Door endpoint",
  "description": "This template creates a WAF geo filtering rule for Azure Front Door that allows/blocks traffic from certain countries.",
  "summary": "This template creates a WAF geo filtering rule for Azure Front Door that allows/blocks traffic from certain countries.",
  "githubUsername": "victorar",
  "dateUpdated": "2021-05-12"
}